stock,date,price
A,2018-01-01,42.910204824768854
A,2018-01-02,46.46883415681053
A,2018-01-03,71.158140352324445
A,2018-01-04,43.7461509819852
A,2018-01-05,43.03674884095589
A,2018-01-08,41.21501034233548
A,2018-01-09,42.15509708779888
A,2018-01-10,43.333994842835494
A,2018-01-11,43.92530113092733
A,2018-01-12,46.14433047190018
A,2018-01-15,43.27739965661669
A,2018-01-16,41.84860938173242
A,2018-01-17,43.75846098199772
A,2018-01-18,45.69047202792117
A,2018-01-19,41.682296980194636
A,2018-01-22,42.64185557884641
A,2018-01-23,45.426008034920024
A,2018-01-24,43.726772991582294
A,2018-01-25,46.61386870514072
A,2018-01-26,45.13900100273082
A,2018-01-29,41.00687306605387
A,2018-01-30,45.25650891762737
A,2018-01-31,43.20752922385257
A,2018-02-01,44.27395738347544
A,2018-02-02,46.357898854901826
A,2018-02-05,44.304861409883586
A,2018-02-06,41.17743892938939
A,2018-02-07,45.609337550836244
A,2018-02-08,41.64407943211592
A,2018-02-09,42.167701482674346
A,2018-02-12,41.26214792610182
A,2018-02-13,44.89840170311348
A,2018-02-14,46.71503731939975
A,2018-02-15,42.01887316051532
A,2018-02-16,41.01065513590122
A,2018-02-19,41.33877101304465
A,2018-02-20,46.19611827004811
A,2018-02-21,45.27436584328899
A,2018-02-22,44.54104652622184
A,2018-02-23,44.8092986964052
A,2018-02-26,41.45415579138706
A,2018-02-27,42.854674917450076
A,2018-02-28,42.94069552504417
A,2018-03-01,45.16435848437398
A,2018-03-02,46.239683732634326
A,2018-03-05,46.42478420013576
A,2018-03-06,46.136151128917945
A,2018-03-07,41.57479051738624
A,2018-03-08,41.30329765452086
A,2018-03-09,42.63099083898825
A,2018-03-12,45.37619012235918
A,2018-03-13,41.01144791760186
A,2018-03-14,41.119795588455545
A,2018-03-15,46.629877115349515
A,2018-03-16,41.305179994743135
A,2018-03-19,44.75306202219517
A,2018-03-20,42.26930619339098
A,2018-03-21,44.096263148790676
A,2018-03-22,46.98785109572968
A,2018-03-23,45.76794799753993
A,2018-03-26,44.33615446478109
A,2018-03-27,46.706340874174764
A,2018-03-28,46.087408911512554
A,2018-03-29,41.031669541331205
A,2018-03-30,41.17962555159252
A,2018-04-02,41.57543354274832
A,2018-04-03,43.742307610518004
A,2018-04-04,43.058860961800576
A,2018-04-05,43.32756706931765
A,2018-04-06,46.26635779274425
A,2018-04-09,43.776500787258904
A,2018-04-10,41.68888828327037
A,2018-04-11,46.34602777865787
A,2018-04-12,42.8612576845666
A,2018-04-13,44.16127443609466
A,2018-04-16,41.11361254852743
A,2018-04-17,43.341648157580764
A,2018-04-18,41.717130698918545
A,2018-04-19,42.233188083063226
A,2018-04-20,42.94703535591975
A,2018-04-23,45.15215298374586
A,2018-04-24,45.025663426992985
A,2018-04-25,42.397776492338444
A,2018-04-26,45.98207601257012
A,2018-04-27,41.57486643182514
A,2018-04-30,44.59189657352515
A,2018-05-01,43.446771879779405
A,2018-05-02,43.28432781852324
A,2018-05-03,46.17136643229982
A,2018-05-04,46.554013791238326
A,2018-05-07,46.118624645378745
A,2018-05-08,44.23080801751143
A,2018-05-09,44.34657237199652
A,2018-05-10,46.52254421504658
A,2018-05-11,44.39269243194744
A,2018-05-14,44.71266809783308
A,2018-05-15,45.27315569445913
A,2018-05-16,45.08838803950887
A,2018-05-17,42.16174517416948
A,2018-05-18,46.04067982088605
A,2018-05-21,42.76484607209853
A,2018-05-22,46.248093428261505
A,2018-05-23,45.80691098714163
A,2018-05-24,43.12637139091961
A,2018-05-25,43.592773500415696
A,2018-05-28,42.77168802144118
A,2018-05-29,44.44981818772381
A,2018-05-30,41.75644778942022
A,2018-05-31,45.04943583541668
A,2018-06-01,43.008051027570694
A,2018-06-04,44.02612306137768
A,2018-06-05,45.30796754500164
A,2018-06-06,41.476329403075134
A,2018-06-07,43.1806540085289
A,2018-06-08,46.020793253134016
A,2018-06-11,41.5570544432599
A,2018-06-12,46.85132403575282
A,2018-06-13,41.27268430456689
A,2018-06-14,44.889472341395056
A,2018-06-15,41.603800549476944
A,2018-06-18,44.293724912981205
A,2018-06-19,41.74561426434823
A,2018-06-20,45.55913917514526
A,2018-06-21,46.905059331100944
A,2018-06-22,41.45829864934971
A,2018-06-25,43.54431714759944
A,2018-06-26,43.70009648175085
A,2018-06-27,44.969304344446826
A,2018-06-28,46.55614276891168
A,2018-06-29,43.32511499879475
A,2018-07-02,42.21690768040365
A,2018-07-03,45.974054699705654
A,2018-07-04,46.605370563838754
A,2018-07-05,46.84615752091743
A,2018-07-06,45.07764801075445
A,2018-07-09,41.746969268377065
A,2018-07-10,46.77982103826861
A,2018-07-11,41.16385183816509
A,2018-07-12,45.02889571315654
A,2018-07-13,41.849926183390124
A,2018-07-16,43.80023722246983
A,2018-07-17,44.56410531502549
A,2018-07-18,45.93055137213753
A,2018-07-19,43.158825097079564
A,2018-07-20,43.56913339416769
A,2018-07-23,45.28878806485655
A,2018-07-24,44.9934838064204
A,2018-07-25,41.07065502951867
A,2018-07-26,45.53922430339819
A,2018-07-27,43.37614870601245
A,2018-07-30,43.74423749916068
A,2018-07-31,45.21878722801208
A,2018-08-01,42.12583556329528
A,2018-08-02,45.56008114462363
A,2018-08-03,45.711588283812645
A,2018-08-06,46.21686354901241
A,2018-08-07,45.14983774476973
A,2018-08-08,41.402054556862915
A,2018-08-09,42.022099837578054
A,2018-08-10,42.79352535898744
A,2018-08-13,44.2315091612884
A,2018-08-14,44.74256068124774
A,2018-08-15,41.10656066145357
A,2018-08-16,42.702893000900296
A,2018-08-17,41.64577154462254
A,2018-08-20,44.028178552439606
A,2018-08-21,42.771020812570775
A,2018-08-22,46.90543980711886
A,2018-08-23,46.03320631789346
A,2018-08-24,44.121024262729954
A,2018-08-27,41.862580366482156
A,2018-08-28,46.9668635499889
A,2018-08-29,46.59203920912938
A,2018-08-30,46.991317266035324
A,2018-08-31,46.557795344090074
A,2018-09-03,42.404050230419394
A,2018-09-04,46.09344333098474
A,2018-09-05,45.8346480470471
A,2018-09-06,45.977522842094714
A,2018-09-07,44.45875755495537
A,2018-09-10,43.11152887334193
A,2018-09-11,45.2947998769675
A,2018-09-12,45.35206296075107
A,2018-09-13,45.51852859118826
A,2018-09-14,44.521101168170766
A,2018-09-17,46.46303665412558
A,2018-09-18,42.82787077436629
A,2018-09-19,45.33796531053654
A,2018-09-20,44.63940212935552
A,2018-09-21,44.66700547809163
A,2018-09-24,46.931956025935854
A,2018-09-25,45.980388439964614
A,2018-09-26,42.44689328373646
A,2018-09-27,43.984752042598245
A,2018-09-28,44.20234639993092
A,2018-10-01,44.794561222075224
A,2018-10-02,41.9219048787716
A,2018-10-03,46.474666585328954
A,2018-10-04,43.40687021003947
A,2018-10-05,45.709548449847624
A,2018-10-08,42.64606487706885
A,2018-10-09,44.11501233577684
A,2018-10-10,43.25423560033
A,2018-10-11,45.42030206561326
A,2018-10-12,44.462593722042165
A,2018-10-15,45.881360974660936
A,2018-10-16,44.42567302564677
A,2018-10-17,46.6121517130268
A,2018-10-18,42.48962071403287
A,2018-10-19,45.333799695562064
A,2018-10-22,46.943281054451646
A,2018-10-23,42.95829452398133
A,2018-10-24,45.75799757230312
A,2018-10-25,44.508444177369704
A,2018-10-26,45.671244528774025
A,2018-10-29,41.32940564978413
A,2018-10-30,43.37972193345852
A,2018-10-31,46.546916324601305
A,2018-11-01,44.5084753471008
A,2018-11-02,43.226583200529454
A,2018-11-05,44.86305609418813
A,2018-11-06,45.875874981217876
A,2018-11-07,43.43822165913736
A,2018-11-08,42.61070610686401
A,2018-11-09,41.3435126506917
A,2018-11-12,46.55199904067908
A,2018-11-13,45.912189764106905
A,2018-11-14,41.92507499070608
A,2018-11-15,45.241042043325535
A,2018-11-16,45.841292922944696
A,2018-11-19,44.63484445816238
A,2018-11-20,45.31315588471509
A,2018-11-21,44.88450381942542
A,2018-11-22,44.529619546897976
A,2018-11-23,45.042408678176955
A,2018-11-26,45.99308025525092
A,2018-11-27,44.5795141825677
A,2018-11-28,41.45729656498916
A,2018-11-29,43.979901894285796
A,2018-11-30,46.48380577175169
A,2018-12-03,45.59751928322481
A,2018-12-04,45.88335101746285
A,2018-12-05,42.92520212569191
A,2018-12-06,46.91523467568607
A,2018-12-07,41.84943311743287
A,2018-12-10,41.35236011241185
A,2018-12-11,42.62254262742648
A,2018-12-12,45.82837685254372
A,2018-12-13,42.03099337285396
A,2018-12-14,45.54350063105936
A,2018-12-17,44.72145548894221
A,2018-12-18,41.991173640044444
A,2018-12-19,41.54125044254897
A,2018-12-20,44.822880891341704
A,2018-12-21,45.09459867523363
A,2018-12-24,42.196921579530226
A,2018-12-25,44.93779768763262
A,2018-12-26,43.30317987529037
A,2018-12-27,41.87249412997547
A,2018-12-28,43.17215712650643
A,2018-12-31,43.13497596937968
B,2018-01-01,29.145579666599296
B,2018-01-02,29.513768132961275
B,2018-01-03,29.87739321100215
B,2018-01-04,29.774970572719617
B,2018-01-05,29.69161192533589
B,2018-01-08,29.41790466366869
B,2018-01-09,29.70319779121798
B,2018-01-10,29.14068836757346
B,2018-01-11,29.35208195293709
B,2018-01-12,29.973524280117147
B,2018-01-15,29.117566938805492
B,2018-01-16,29.49295182212868
B,2018-01-17,29.925687084703274
B,2018-01-18,29.931553262537935
B,2018-01-19,29.55205353543529
B,2018-01-22,29.84780097296965
B,2018-01-23,29.96920978571176
B,2018-01-24,29.400210663507615
B,2018-01-25,29.450393446581028
B,2018-01-26,29.692816843917168
B,2018-01-29,29.216658144048118
B,2018-01-30,29.49506593622812
B,2018-01-31,29.381185881959
B,2018-02-01,29.664515752209443
B,2018-02-02,29.717422404922175
B,2018-02-05,29.53037165036961
B,2018-02-06,29.812047791769157
B,2018-02-07,29.516974639603756
B,2018-02-08,29.77017136552984
B,2018-02-09,29.83223597992966
B,2018-02-12,29.0661293280839
B,2018-02-13,29.947739580441326
B,2018-02-14,29.878857760842006
B,2018-02-15,29.37215808339981
B,2018-02-16,29.100573097969114
B,2018-02-19,29.482693577267536
B,2018-02-20,29.092472441952722
B,2018-02-21,29.18976700237542
B,2018-02-22,29.47927009950082
B,2018-02-23,29.538229698070445
B,2018-02-26,29.723774898108072
B,2018-02-27,29.04878459897401
B,2018-02-28,29.143569634185486
B,2018-03-01,29.49778242978865
B,2018-03-02,29.25996729132407
B,2018-03-05,29.78104960373993
B,2018-03-06,29.064679836275207
B,2018-03-07,29.23526369184425
B,2018-03-08,29.872334662484896
B,2018-03-09,29.280848861574974
B,2018-03-12,29.681400321111948
B,2018-03-13,29.279494944737156
B,2018-03-14,29.934035763285443
B,2018-03-15,29.614235692097367
B,2018-03-16,29.16604414567624
B,2018-03-19,29.217400952908637
B,2018-03-20,29.669377327867778
B,2018-03-21,29.034161466759144
B,2018-03-22,29.199719581466944
B,2018-03-23,29.352327583619964
B,2018-03-26,29.16805936774154
B,2018-03-27,29.97582000788351
B,2018-03-28,29.24916614530428
B,2018-03-29,29.681998736187268
B,2018-03-30,29.924808419311876
B,2018-04-02,29.55827842530701
B,2018-04-03,29.859504320398724
B,2018-04-04,29.414188395892243
B,2018-04-05,29.675071360422606
B,2018-04-06,29.282290091316206
B,2018-04-09,29.255628659234244
B,2018-04-10,29.930881985627032
B,2018-04-11,29.379629699711767
B,2018-04-12,29.929894432170173
B,2018-04-13,29.1871575598473
B,2018-04-16,29.744331817361644
B,2018-04-17,29.020796339527735
B,2018-04-18,29.48414974642533
B,2018-04-19,29.756766194932577
B,2018-04-20,29.640407442475336
B,2018-04-23,29.104129134733114
B,2018-04-24,29.659699397968446
B,2018-04-25,29.13063798529816
B,2018-04-26,29.40545111706146
B,2018-04-27,29.973739187466443
B,2018-04-30,29.28843555592446
B,2018-05-01,29.13821002854262
B,2018-05-02,29.788181544365216
B,2018-05-03,29.955265176266167
B,2018-05-04,29.401811366412105
B,2018-05-07,29.685022902467164
B,2018-05-08,29.443723890492993
B,2018-05-09,29.450333420292708
B,2018-05-10,29.268278211262484
B,2018-05-11,29.08827548830117
B,2018-05-14,29.56407171656606
B,2018-05-15,29.14992135388493
B,2018-05-16,29.116176125055322
B,2018-05-17,29.661626337623126
B,2018-05-18,29.87470187826996
B,2018-05-21,29.28795766659131
B,2018-05-22,29.190464528341888
B,2018-05-23,29.790591658545935
B,2018-05-24,29.412468962484756
B,2018-05-25,29.778657785494016
B,2018-05-28,29.60785615403824
B,2018-05-29,29.07531517891822
B,2018-05-30,29.454289575550433
B,2018-05-31,29.976440291136974
B,2018-06-01,29.170000484413713
B,2018-06-04,29.222697591323474
B,2018-06-05,29.914361132252875
B,2018-06-06,29.620891839963296
B,2018-06-07,29.486960853077264
B,2018-06-08,29.494499422571746
B,2018-06-11,29.27413636621226
B,2018-06-12,29.777377689014973
B,2018-06-13,29.647308602419773
B,2018-06-14,29.04393802422405
B,2018-06-15,29.58839176017158
B,2018-06-18,29.38606977460883
B,2018-06-19,29.69865589193
B,2018-06-20,29.506042398248848
B,2018-06-21,29.68228297288178
B,2018-06-22,29.3375670411817
B,2018-06-25,29.07382864672342
B,2018-06-26,29.336419381175475
B,2018-06-27,29.573535691387157
B,2018-06-28,29.172193323390914
B,2018-06-29,29.14385366860073
B,2018-07-02,29.22998476644755
B,2018-07-03,29.817369160279302
B,2018-07-04,29.642965306170517
B,2018-07-05,29.1725658600527
B,2018-07-06,29.45293288862676
B,2018-07-09,29.678715438188725
B,2018-07-10,29.801816233204388
B,2018-07-11,29.920565569505076
B,2018-07-12,29.252699439684594
B,2018-07-13,29.509282653498072
B,2018-07-16,29.311745691631682
B,2018-07-17,29.280538732478686
B,2018-07-18,29.752987348090873
B,2018-07-19,29.585470319970426
B,2018-07-20,29.155974182154218
B,2018-07-23,29.43428628542742
B,2018-07-24,29.54921544245943
B,2018-07-25,29.727143806929416
B,2018-07-26,29.06010328361041
B,2018-07-27,32.058380849428616
B,2018-07-30,29.488209023890334
B,2018-07-31,29.52839248365435
B,2018-08-01,29.203994990020455
B,2018-08-02,29.234906531160732
B,2018-08-03,29.45703997400084
B,2018-08-06,29.844312858148246
B,2018-08-07,29.48430448220741
B,2018-08-08,29.018895398622757
B,2018-08-09,29.243488675550477
B,2018-08-10,29.741258520178572
B,2018-08-13,29.365882026759287
B,2018-08-14,29.113678041912085
B,2018-08-15,29.979675930510044
B,2018-08-16,29.594244403018745
B,2018-08-17,29.22913997667046
B,2018-08-20,29.2514848660426
B,2018-08-21,29.498778384986785
B,2018-08-22,29.740457342313565
B,2018-08-23,29.367702520222778
B,2018-08-24,29.834506049908487
B,2018-08-27,29.028737337727378
B,2018-08-28,29.367187981860276
B,2018-08-29,29.017728003406713
B,2018-08-30,29.61776801073459
B,2018-08-31,29.99702036386075
B,2018-09-03,29.701068919476487
B,2018-09-04,29.25426412326926
B,2018-09-05,29.814115080088087
B,2018-09-06,29.34135370393481
B,2018-09-07,29.282447802579615
B,2018-09-10,29.659856961440948
B,2018-09-11,29.332461547230096
B,2018-09-12,29.139911149795367
B,2018-09-13,29.869669851920644
B,2018-09-14,29.021487200194546
B,2018-09-17,29.565167028446364
B,2018-09-18,29.520324847746096
B,2018-09-19,29.247956096390375
B,2018-09-20,29.559643514144614
B,2018-09-21,29.654348669608435
B,2018-09-24,29.666975181460295
B,2018-09-25,29.088130776774676
B,2018-09-26,29.33706198783408
B,2018-09-27,29.11605610374394
B,2018-09-28,29.21726442904387
B,2018-10-01,29.92283281967107
B,2018-10-02,29.97956405447444
B,2018-10-03,29.401522593156436
B,2018-10-04,29.683082071001408
B,2018-10-05,29.526941228706598
B,2018-10-08,29.605181418623243
B,2018-10-09,29.137824584163702
B,2018-10-10,29.151258552881387
B,2018-10-11,29.741243107342385
B,2018-10-12,29.971231936605992
B,2018-10-15,29.817939344606565
B,2018-10-16,29.0267859518695
B,2018-10-17,29.854569806216592
B,2018-10-18,29.840848226656934
B,2018-10-19,29.550348913522875
B,2018-10-22,29.333948542885025
B,2018-10-23,29.466120606999333
B,2018-10-24,29.221876122220287
B,2018-10-25,29.3257492570445
B,2018-10-26,29.32472617340217
B,2018-10-29,29.84922550939796
B,2018-10-30,29.637030987730768
B,2018-10-31,29.798307348292017
B,2018-11-01,29.6221410263006
B,2018-11-02,29.109325047783972
B,2018-11-05,29.52300800740017
B,2018-11-06,29.25538372709602
B,2018-11-07,29.83602691054683
B,2018-11-08,29.86051639331183
B,2018-11-09,29.685688055338318
B,2018-11-12,29.12627153323213
B,2018-11-13,29.044403468347117
B,2018-11-14,29.223852792004596
B,2018-11-15,29.353010779659666
B,2018-11-16,29.688890525959458
B,2018-11-19,29.796048679638112
B,2018-11-20,29.5222037116921
B,2018-11-21,29.511305807638482
B,2018-11-22,29.198550265984366
B,2018-11-23,29.76051189825851
B,2018-11-26,29.793451644464753
B,2018-11-27,29.50387067968125
B,2018-11-28,29.59187901459724
B,2018-11-29,29.670031549276644
B,2018-11-30,29.91258947641255
B,2018-12-03,29.327081073465397
B,2018-12-04,29.15555903360622
B,2018-12-05,29.351498159201522
B,2018-12-06,29.424039101432076
B,2018-12-07,29.961416199377563
B,2018-12-10,29.99463562900999
B,2018-12-11,29.242653081297746
B,2018-12-12,29.828974077055285
B,2018-12-13,29.406950959341504
B,2018-12-14,29.76703850621552
B,2018-12-17,29.683044609938147
B,2018-12-18,29.515019191455774
B,2018-12-19,29.35727990656174
B,2018-12-20,29.736151417508715
B,2018-12-21,29.5381616798695
B,2018-12-24,29.887241406989133
B,2018-12-25,29.544381929663956
B,2018-12-26,29.966514308554054
B,2018-12-27,29.269921786827137
B,2018-12-28,29.640041323642183
B,2018-12-31,29.409328803583975
C,2018-01-01,66.73855301881353
C,2018-01-02,62.21889172107439
C,2018-01-03,66.62879696207453
C,2018-01-04,62.86200500850282
C,2018-01-05,65.68178496592574
C,2018-01-08,64.8256959723463
C,2018-01-09,62.87185088430427
C,2018-01-10,64.43126886431364
C,2018-01-11,64.54322019136494
C,2018-01-12,67.90672192263725
C,2018-01-15,62.68726862594664
C,2018-01-16,66.13248700439696
C,2018-01-17,63.786812488387994
C,2018-01-18,66.54893641299958
C,2018-01-19,66.94084399406975
C,2018-01-22,66.91425141699824
C,2018-01-23,63.2329425997612
C,2018-01-24,62.591572868921325
C,2018-01-25,65.4365218251202
C,2018-01-26,62.33494867645921
C,2018-01-29,62.67212270821015
C,2018-01-30,67.20237457158005
C,2018-01-31,66.9199580928139
C,2018-02-01,62.73703922827981
C,2018-02-02,62.316562246205514
C,2018-02-05,64.08342834284562
C,2018-02-06,64.72749579832187
C,2018-02-07,66.40931585926852
C,2018-02-08,64.55777890695462
C,2018-02-09,65.48213179785061
C,2018-02-12,65.81044000487721
C,2018-02-13,62.49027160919159
C,2018-02-14,67.59571988011102
C,2018-02-15,62.730827909572895
C,2018-02-16,66.76108693887606
C,2018-02-19,63.93117015940887
C,2018-02-20,64.17681995772291
C,2018-02-21,63.797724726594424
C,2018-02-22,65.72673611755911
C,2018-02-23,65.30594796163676
C,2018-02-26,65.41365006348207
C,2018-02-27,63.25072479125996
C,2018-02-28,67.69007369975424
C,2018-03-01,66.35963804063333
C,2018-03-02,62.9094805878478
C,2018-03-05,65.0247636893719
C,2018-03-06,62.49510503142591
C,2018-03-07,63.59178583601131
C,2018-03-08,64.93096452375076
C,2018-03-09,64.30446230206114
C,2018-03-12,67.07065801391343
C,2018-03-13,65.51106937543904
C,2018-03-14,62.56919468226434
C,2018-03-15,64.64569956500485
C,2018-03-16,65.62403172683126
C,2018-03-19,67.28318865453473
C,2018-03-20,65.72254310615445
C,2018-03-21,64.53857074434242
C,2018-03-22,63.66585402206859
C,2018-03-23,67.68296441607531
C,2018-03-26,62.26391078117292
C,2018-03-27,67.30469723867259
C,2018-03-28,63.888487665463494
C,2018-03-29,64.28616957907089
C,2018-03-30,66.11919478777146
C,2018-04-02,63.95043477104066
C,2018-04-03,64.85090252544036
C,2018-04-04,66.8058127795814
C,2018-04-05,62.00411296997525
C,2018-04-06,66.54246791915673
C,2018-04-09,66.11793026991207
C,2018-04-10,63.19660643488814
C,2018-04-11,63.02339731963485
C,2018-04-12,67.88776273263989
C,2018-04-13,62.12572852963396
C,2018-04-16,67.63725524656529
C,2018-04-17,63.20615275022981
C,2018-04-18,64.94973012966267
C,2018-04-19,67.159500427142
C,2018-04-20,62.66721202446042
C,2018-04-23,64.52427751520699
C,2018-04-24,64.7591424207272
C,2018-04-25,67.45057596353102
C,2018-04-26,64.00341271399157
C,2018-04-27,63.41737436514426
C,2018-04-30,65.98308304671137
C,2018-05-01,64.77579977303438
C,2018-05-02,65.96283428750355
C,2018-05-03,65.07380080216113
C,2018-05-04,67.14601942730032
C,2018-05-07,66.304991407668
C,2018-05-08,66.24127498914714
C,2018-05-09,64.3817842254298
C,2018-05-10,67.89570163480643
C,2018-05-11,67.93871467881493
C,2018-05-14,66.35292609477332
C,2018-05-15,66.78199805598076
C,2018-05-16,63.56147706385438
C,2018-05-17,65.24990595879788
C,2018-05-18,64.25866295506671
C,2018-05-21,67.56990971303111
C,2018-05-22,65.4592331966325
C,2018-05-23,67.90186001390103
C,2018-05-24,65.24907730558094
C,2018-05-25,64.0284548583749
C,2018-05-28,67.26790901094692
C,2018-05-29,65.9184485886147
C,2018-05-30,64.14733685102969
C,2018-05-31,66.37897843792058
C,2018-06-01,67.18705847302284
C,2018-06-04,63.18365260898505
C,2018-06-05,64.32945987630912
C,2018-06-06,67.15254693593496
C,2018-06-07,65.56346582385268
C,2018-06-08,62.69784272390165
C,2018-06-11,66.85133213446932
C,2018-06-12,65.31052516383363
C,2018-06-13,67.78770718669048
C,2018-06-14,64.54025355407312
C,2018-06-15,64.96681310442742
C,2018-06-18,66.41662421974497
C,2018-06-19,62.65614805109325
C,2018-06-20,64.76988077261443
C,2018-06-21,63.129481707734925
C,2018-06-22,66.50233414566094
C,2018-06-25,62.70871743893914
C,2018-06-26,67.15973574561662
C,2018-06-27,67.30533981974231
C,2018-06-28,65.94072086448192
C,2018-06-29,67.20936823426324
C,2018-07-02,63.72030308376782
C,2018-07-03,66.7801914670808
C,2018-07-04,62.803051327451776
C,2018-07-05,64.77592620293436
C,2018-07-06,62.013385402546426
C,2018-07-09,63.227188466115415
C,2018-07-10,62.586625653458846
C,2018-07-11,63.68949279857741
C,2018-07-12,66.30440846038896
C,2018-07-13,65.91789970796243
C,2018-07-16,67.38768310902483
C,2018-07-17,62.74782380833749
C,2018-07-18,67.61181008587243
C,2018-07-19,64.64497291183244
C,2018-07-20,67.34129754228081
C,2018-07-23,66.67424881873515
C,2018-07-24,63.604368755867924
C,2018-07-25,62.86894679274236
C,2018-07-26,67.79115147908887
C,2018-07-27,65.10091287115834
C,2018-07-30,62.32636117494804
C,2018-07-31,63.91098678376554
C,2018-08-01,63.170031424845675
C,2018-08-02,64.61442101929971
C,2018-08-03,66.27587440434002
C,2018-08-06,62.62695639917391
C,2018-08-07,62.04690339709858
C,2018-08-08,65.45059605231681
C,2018-08-09,63.785208934881496
C,2018-08-10,63.20389904555476
C,2018-08-13,65.87041586764055
C,2018-08-14,62.33256184055484
C,2018-08-15,67.17177491519507
C,2018-08-16,64.89123235103102
C,2018-08-17,65.64313542583264
C,2018-08-20,63.75840450704327
C,2018-08-21,64.00964702134836
C,2018-08-22,65.53614385554157
C,2018-08-23,67.43818560247665
C,2018-08-24,63.70738672239517
C,2018-08-27,62.80268945874821
C,2018-08-28,66.12464028194448
C,2018-08-29,65.05837261281357
C,2018-08-30,66.94746654814398
C,2018-08-31,66.76047780434845
C,2018-09-03,63.557088058000524
C,2018-09-04,67.70977892128894
C,2018-09-05,67.24175378126165
C,2018-09-06,62.891680923826314
C,2018-09-07,62.6757120325433
C,2018-09-10,65.37359560682738
C,2018-09-11,67.43026638921101
C,2018-09-12,66.49005400547202
C,2018-09-13,63.7178705820519
C,2018-09-14,67.20558056707821
C,2018-09-17,62.374877167800015
C,2018-09-18,67.10248756106438
C,2018-09-19,65.58650152690191
C,2018-09-20,64.26316142719625
C,2018-09-21,66.14144132602198
C,2018-09-24,62.59292129230801
C,2018-09-25,62.344959681252874
C,2018-09-26,67.77598307431926
C,2018-09-27,64.71462771227542
C,2018-09-28,62.44211239431825
C,2018-10-01,63.507938984619564
C,2018-10-02,65.36400454929581
C,2018-10-03,67.63839264600036
C,2018-10-04,62.328695691687045
C,2018-10-05,66.74728980953458
C,2018-10-08,64.66170147800501
C,2018-10-09,63.891987427130296
C,2018-10-10,66.60286300711846
C,2018-10-11,66.2632436908531
C,2018-10-12,65.80359377671562
C,2018-10-15,65.73455356615071
C,2018-10-16,64.8781929786796
C,2018-10-17,62.78497360257656
C,2018-10-18,62.66125740451224
C,2018-10-19,62.25270424815493
C,2018-10-22,63.215166487300195
C,2018-10-23,62.163703792081265
C,2018-10-24,65.87126422438666
C,2018-10-25,64.12419065690318
C,2018-10-26,66.61222322310688
C,2018-10-29,66.38269561302184
C,2018-10-30,63.27965287252917
C,2018-10-31,64.5937879094369
C,2018-11-01,62.6744592174504
C,2018-11-02,67.08087961400153
C,2018-11-05,66.3432344640085
C,2018-11-06,63.4369319999671
C,2018-11-07,66.53759765699482
C,2018-11-08,63.55820235593268
C,2018-11-09,66.09854367162848
C,2018-11-12,64.18069352005377
C,2018-11-13,64.6460430084547
C,2018-11-14,67.56284592749981
C,2018-11-15,63.381651341840225
C,2018-11-16,66.31559601433283
C,2018-11-19,67.049210271385
C,2018-11-20,64.23939717276053
C,2018-11-21,62.01190330899141
C,2018-11-22,67.82203297893784
C,2018-11-23,64.42528394514207
C,2018-11-26,66.15354260996588
C,2018-11-27,63.077528415896616
C,2018-11-28,64.16095663982613
C,2018-11-29,63.782289089435686
C,2018-11-30,66.08849068396701
C,2018-12-03,63.49351712759127
C,2018-12-04,62.74064641022576
C,2018-12-05,62.127421785029654
C,2018-12-06,63.38609374663307
C,2018-12-07,65.16972929253095
C,2018-12-10,64.56491945889084
C,2018-12-11,67.31752459492589
C,2018-12-12,65.65364700301666
C,2018-12-13,63.913542124100175
C,2018-12-14,66.84203145043085
C,2018-12-17,63.417538700618515
C,2018-12-18,63.17556041314183
C,2018-12-19,63.03764785354833
C,2018-12-20,67.87836355270024
C,2018-12-21,63.139127452413426
C,2018-12-24,65.43670454098627
C,2018-12-25,65.31390442087803
C,2018-12-26,62.16535675848135
C,2018-12-27,66.13240728652832
C,2018-12-28,67.34231292249804
C,2018-12-31,65.84358428356487
D,2018-01-01,55.92096533264584
D,2018-01-02,56.656697977526036
D,2018-01-03,55.21296833705708
D,2018-01-04,58.66834603983576
D,2018-01-05,55.069294643552894
D,2018-01-08,57.905500414737666
D,2018-01-09,56.55457161697133
D,2018-01-10,58.00172596457491
D,2018-01-11,56.85181493804523
D,2018-01-12,58.340632811007325
D,2018-01-15,57.736300512096335
D,2018-01-16,56.14428786726552
D,2018-01-17,56.219753811377416
D,2018-01-18,57.135820339537695
D,2018-01-19,57.33861964003941
D,2018-01-22,55.40000147329612
D,2018-01-23,57.668246867738446
D,2018-01-24,56.630744473202
D,2018-01-25,56.3641597960429
D,2018-01-26,58.1555605246275
D,2018-01-29,56.19397850607918
D,2018-01-30,56.191507272107046
D,2018-01-31,57.59457008916211
D,2018-02-01,57.283488687341595
D,2018-02-02,57.61308191134394
D,2018-02-05,57.9573747847127
D,2018-02-06,56.96642082250372
D,2018-02-07,58.7634431024039
D,2018-02-08,56.12784169459009
D,2018-02-09,57.337546237680215
D,2018-02-12,56.64936957980366
D,2018-02-13,55.382926012592684
D,2018-02-14,57.92750931554443
D,2018-02-15,56.33647286420276
D,2018-02-16,58.09871238815435
D,2018-02-19,58.98211733351977
D,2018-02-20,58.88196417153095
D,2018-02-21,58.509049873516915
D,2018-02-22,57.311573449927025
D,2018-02-23,55.8323002114619
D,2018-02-26,56.237773883960436
D,2018-02-27,57.58141134248018
D,2018-02-28,56.70566126940656
D,2018-03-01,55.18314972954377
D,2018-03-02,56.038779827294356
D,2018-03-05,55.45012027600591
D,2018-03-06,58.43743604552213
D,2018-03-07,58.34789669667087
D,2018-03-08,57.89314122563146
D,2018-03-09,57.92505433987624
D,2018-03-12,57.50273458023802
D,2018-03-13,57.86468880577006
D,2018-03-14,55.77205765084374
D,2018-03-15,55.98362184590738
D,2018-03-16,58.15263876806597
D,2018-03-19,58.92083841596337
D,2018-03-20,57.030824009074834
D,2018-03-21,58.70008153350568
D,2018-03-22,56.376043180836916
D,2018-03-23,58.145258068665754
D,2018-03-26,57.433554323688114
D,2018-03-27,58.91602371361914
D,2018-03-28,55.92947803035446
D,2018-03-29,58.78533842239078
D,2018-03-30,56.82104565532535
D,2018-04-02,56.706485720715506
D,2018-04-03,55.629694337552905
D,2018-04-04,58.62920677369297
D,2018-04-05,55.040078432978994
D,2018-04-06,57.57463826808394
D,2018-04-09,56.475146984674296
D,2018-04-10,58.63546492518624
D,2018-04-11,57.852731940064935
D,2018-04-12,58.840576787644686
D,2018-04-13,55.88736971137859
D,2018-04-16,57.3147960774798
D,2018-04-17,55.47281441249666
D,2018-04-18,55.995036237220575
D,2018-04-19,57.38176233313137
D,2018-04-20,55.8318060694504
D,2018-04-23,56.76781038014067
D,2018-04-24,56.786750385635955
D,2018-04-25,55.966743159592305
D,2018-04-26,58.6516798274615
D,2018-04-27,57.06374487586896
D,2018-04-30,56.361661507150494
D,2018-05-01,57.55084006840724
D,2018-05-02,56.155497732863914
D,2018-05-03,56.15344893778756
D,2018-05-04,55.57239686719062
D,2018-05-07,56.21388368596833
D,2018-05-08,55.488795847603384
D,2018-05-09,55.133169251957646
D,2018-05-10,55.10790549293779
D,2018-05-11,55.40327394014928
D,2018-05-14,55.663938522970646
D,2018-05-15,57.616188888488416
D,2018-05-16,58.05975140174155
D,2018-05-17,55.49346879451529
D,2018-05-18,57.88347962966671
D,2018-05-21,57.11230866331722
D,2018-05-22,55.43030153545049
D,2018-05-23,57.80524260596035
D,2018-05-24,57.8572802540723
D,2018-05-25,57.35696364134932
D,2018-05-28,58.10365012438797
D,2018-05-29,58.07896766044124
D,2018-05-30,55.788679667805866
D,2018-05-31,55.072782549101426
D,2018-06-01,55.278766857787126
D,2018-06-04,56.63877501764239
D,2018-06-05,57.96735622064238
D,2018-06-06,57.063041744422925
D,2018-06-07,58.483779795378545
D,2018-06-08,56.59218643003811
D,2018-06-11,55.94941264327781
D,2018-06-12,56.43855790824405
D,2018-06-13,58.35346979863462
D,2018-06-14,57.139232211261735
D,2018-06-15,55.87857616780225
D,2018-06-18,55.29808865828822
D,2018-06-19,58.83625684714209
D,2018-06-20,58.84829920080894
D,2018-06-21,56.306476637401566
D,2018-06-22,58.861199310832426
D,2018-06-25,55.57522594559898
D,2018-06-26,58.9047859084476
D,2018-06-27,58.24659136820765
D,2018-06-28,55.52833943581383
D,2018-06-29,57.69841802807662
D,2018-07-02,58.77551876565303
D,2018-07-03,56.448425688031506
D,2018-07-04,55.84615113197862
D,2018-07-05,56.200491102495604
D,2018-07-06,55.95493662497093
D,2018-07-09,56.986458901349295
D,2018-07-10,57.21956396436048
D,2018-07-11,57.78970372752153
D,2018-07-12,55.549473637670665
D,2018-07-13,56.36671926469102
D,2018-07-16,58.96464683325513
D,2018-07-17,57.61767590396557
D,2018-07-18,55.651445561367105
D,2018-07-19,56.8997771943705
D,2018-07-20,56.04542022445237
D,2018-07-23,56.40580502972134
D,2018-07-24,58.39663160463684
D,2018-07-25,57.7324241053134
D,2018-07-26,58.33274742767601
D,2018-07-27,55.39677834582122
D,2018-07-30,58.36906460692317
D,2018-07-31,57.93270064760286
D,2018-08-01,56.304004285922936
D,2018-08-02,55.71596609771557
D,2018-08-03,57.26411069493673
D,2018-08-06,57.71104797595106
D,2018-08-07,57.032824449523275
D,2018-08-08,58.35340012500686
D,2018-08-09,55.33207269651397
D,2018-08-10,58.25109921633791
D,2018-08-13,56.26101964650662
D,2018-08-14,58.983186576517134
D,2018-08-15,55.28083353374566
D,2018-08-16,58.66037407635005
D,2018-08-17,56.563489777753134
D,2018-08-20,56.17098827488634
D,2018-08-21,56.42719231715325
D,2018-08-22,57.031449013727745
D,2018-08-23,56.45606623832449
D,2018-08-24,57.52852606633693
D,2018-08-27,58.65006644292403
D,2018-08-28,56.766127635353506
D,2018-08-29,56.40794868218433
D,2018-08-30,57.68230309281658
D,2018-08-31,58.055611339206806
D,2018-09-03,55.47141971658438
D,2018-09-04,58.50135969482774
D,2018-09-05,56.02958637549632
D,2018-09-06,57.48644592894306
D,2018-09-07,58.96279701838262
D,2018-09-10,58.3954948163176
D,2018-09-11,55.43962345548203
D,2018-09-12,55.311084585535184
D,2018-09-13,55.626413267647
D,2018-09-14,58.24068578897952
D,2018-09-17,56.226197662446246
D,2018-09-18,58.500877762641046
D,2018-09-19,58.49034855630655
D,2018-09-20,58.48839004742268
D,2018-09-21,56.853870835819386
D,2018-09-24,55.012188982200094
D,2018-09-25,55.185623917296255
D,2018-09-26,58.78422782772213
D,2018-09-27,58.64926299012188
D,2018-09-28,57.89749635323319
D,2018-10-01,56.67946741490428
D,2018-10-02,57.93620840918889
D,2018-10-03,58.64579554047945
D,2018-10-04,55.82739059541503
D,2018-10-05,55.0333254893267
D,2018-10-08,57.45583827142111
D,2018-10-09,58.10276059924028
D,2018-10-10,56.23208817398728
D,2018-10-11,55.250882528634314
D,2018-10-12,56.21308745031823
D,2018-10-15,57.230736514261736
D,2018-10-16,58.696189425122675
D,2018-10-17,55.192600171070424
D,2018-10-18,58.427797595059516
D,2018-10-19,55.51415910817097
D,2018-10-22,58.721085222380935
D,2018-10-23,55.67163900868163
D,2018-10-24,58.85932467731138
D,2018-10-25,55.259462400425626
D,2018-10-26,56.183331736319175
D,2018-10-29,55.89994502421621
D,2018-10-30,56.86383031676204
D,2018-10-31,55.71968664918755
D,2018-11-01,57.93808809789333
D,2018-11-02,57.38285004029317
D,2018-11-05,56.11955240451023
D,2018-11-06,55.817416481753625
D,2018-11-07,56.93410379134221
D,2018-11-08,56.75160276122212
D,2018-11-09,57.339909653512514
D,2018-11-12,58.892200277958324
D,2018-11-13,55.77067528470987
D,2018-11-14,56.16931186635314
D,2018-11-15,58.0246484693589
D,2018-11-16,55.97106528802174
D,2018-11-19,58.27125773336394
D,2018-11-20,55.581117992388656
D,2018-11-21,56.526528416917905
D,2018-11-22,57.32692413619358
D,2018-11-23,55.61533698156023
D,2018-11-26,58.37933340927021
D,2018-11-27,56.77307837390466
D,2018-11-28,55.541340613071156
D,2018-11-29,55.087558083618745
D,2018-11-30,55.24781249142194
D,2018-12-03,58.82032633445861
D,2018-12-04,56.85661711934616
D,2018-12-05,56.33437820586791
D,2018-12-06,56.13935533854122
D,2018-12-07,56.36787926233707
D,2018-12-10,57.50950611439277
D,2018-12-11,57.39489915718326
D,2018-12-12,55.49918306228335
D,2018-12-13,58.10093747006746
D,2018-12-14,56.65926702160533
D,2018-12-17,57.65323876044851
D,2018-12-18,55.442468054245914
D,2018-12-19,56.14210666314083
D,2018-12-20,55.26531310608785
D,2018-12-21,56.90905782163977
D,2018-12-24,56.215261460843436
D,2018-12-25,58.94122569125234
D,2018-12-26,58.70212013801471
D,2018-12-27,57.98088155318373
D,2018-12-28,57.96926859020828
D,2018-12-31,58.69919384563737
E,2018-01-01,90.38122996102902
E,2018-01-02,88.73158898412231
E,2018-01-03,90.3607381572644
E,2018-01-04,93.93158290457625
E,2018-01-05,90.87936438778951
E,2018-01-08,91.68420282158449
E,2018-01-09,92.01224273844035
E,2018-01-10,91.2647666114473
E,2018-01-11,89.89334134986181
E,2018-01-12,91.96089066559266
E,2018-01-15,89.69638581248415
E,2018-01-16,88.004201792563
E,2018-01-17,93.54644824214114
E,2018-01-18,92.13882844454133
E,2018-01-19,92.42254461275643
E,2018-01-22,88.87738075971495
E,2018-01-23,92.86578109997845
E,2018-01-24,91.39119746077127
E,2018-01-25,90.40366287086658
E,2018-01-26,93.33988814493242
E,2018-01-29,88.38206628965817
E,2018-01-30,91.6786827724002
E,2018-01-31,91.641603379013
E,2018-02-01,91.7241975413085
E,2018-02-02,92.05298262532001
E,2018-02-05,90.81921539447535
E,2018-02-06,92.77964343264868
E,2018-02-07,89.856878185962
E,2018-02-08,90.83772235862466
E,2018-02-09,89.84757054825707
E,2018-02-12,90.43030970053658
E,2018-02-13,89.42609823466661
E,2018-02-14,90.13527046110539
E,2018-02-15,82.85655099304465
E,2018-02-16,90.08284557614722
E,2018-02-19,89.57258996122762
E,2018-02-20,89.62065547297534
E,2018-02-21,89.33666300641202
E,2018-02-22,90.68996546521822
E,2018-02-23,92.7267941000862
E,2018-02-26,89.03765547772869
E,2018-02-27,93.40430590012546
E,2018-02-28,88.91834431224812
E,2018-03-01,91.12353944724074
E,2018-03-02,88.19471843999416
E,2018-03-05,91.17800185681347
E,2018-03-06,89.83302906161006
E,2018-03-07,92.78102638837159
E,2018-03-08,88.02849825540848
E,2018-03-09,88.81296233146573
E,2018-03-12,93.39427575190304
E,2018-03-13,89.86439909484044
E,2018-03-14,90.85616341731621
E,2018-03-15,92.88636374171179
E,2018-03-16,93.68556562415843
E,2018-03-19,89.16917912646826
E,2018-03-20,90.733609327511
E,2018-03-21,93.98919927243972
E,2018-03-22,88.51898425332404
E,2018-03-23,91.13101019035273
E,2018-03-26,88.25104506069971
E,2018-03-27,89.0952262324215
E,2018-03-28,91.07429292483201
E,2018-03-29,90.78094377047573
E,2018-03-30,92.22294590669571
E,2018-04-02,93.50696446596586
E,2018-04-03,93.68174627984526
E,2018-04-04,91.84150438503639
E,2018-04-05,92.67348833591412
E,2018-04-06,93.63393322742765
E,2018-04-09,91.05356906213753
E,2018-04-10,88.83000750136137
E,2018-04-11,88.45541285665948
E,2018-04-12,89.50096289637847
E,2018-04-13,91.55125888222817
E,2018-04-16,88.9497816526858
E,2018-04-17,90.07461433325182
E,2018-04-18,93.58669053073888
E,2018-04-19,89.34365426572059
E,2018-04-20,88.77080855499169
E,2018-04-23,89.8484461712463
E,2018-04-24,91.5211753280302
E,2018-04-25,88.08891154730142
E,2018-04-26,89.50450755533109
E,2018-04-27,90.41764701572812
E,2018-04-30,90.35312672871167
E,2018-05-01,89.87437740285982
E,2018-05-02,88.78416185457684
E,2018-05-03,89.04955442786161
E,2018-05-04,88.91834238833172
E,2018-05-07,89.91473742918643
E,2018-05-08,93.59544216893137
E,2018-05-09,93.4590879045698
E,2018-05-10,90.37518413134988
E,2018-05-11,90.57281128491287
E,2018-05-14,91.21657728159505
E,2018-05-15,91.57191787692473
E,2018-05-16,89.62005731022505
E,2018-05-17,92.80394250261068
E,2018-05-18,91.96780831192395
E,2018-05-21,90.68782989282916
E,2018-05-22,90.70442071582966
E,2018-05-23,90.7979357860914
E,2018-05-24,90.08595037473543
E,2018-05-25,91.81892981613383
E,2018-05-28,90.88677060773188
E,2018-05-29,89.00598226163973
E,2018-05-30,93.61593458629999
E,2018-05-31,88.35284703354054
E,2018-06-01,93.57456361860112
E,2018-06-04,93.1700242518461
E,2018-06-05,91.26878015627169
E,2018-06-06,93.87626227716605
E,2018-06-07,89.00225564346235
E,2018-06-08,88.78338800148418
E,2018-06-11,90.53658167880154
E,2018-06-12,92.06677285884969
E,2018-06-13,88.82336303011515
E,2018-06-14,89.61043931444073
E,2018-06-15,91.27165295274176
E,2018-06-18,90.71691826782954
E,2018-06-19,90.84440134514229
E,2018-06-20,88.12393247886277
E,2018-06-21,92.68756654158966
E,2018-06-22,88.76584313967973
E,2018-06-25,89.4230312487491
E,2018-06-26,91.99094026729686
E,2018-06-27,90.54807943975548
E,2018-06-28,88.60147023613388
E,2018-06-29,91.98698846186643
E,2018-07-02,93.95013518157135
E,2018-07-03,89.40096174657886
E,2018-07-04,92.42440099064997
E,2018-07-05,89.33831259663815
E,2018-07-06,93.66897180249481
E,2018-07-09,88.7807961478468
E,2018-07-10,93.85481918868538
E,2018-07-11,88.1936181988707
E,2018-07-12,93.41349995327728
E,2018-07-13,91.03541429797795
E,2018-07-16,89.64773505646849
E,2018-07-17,93.86628310721966
E,2018-07-18,88.5928164585823
E,2018-07-19,91.49645337133613
E,2018-07-20,90.76351871313913
E,2018-07-23,88.71083145037868
E,2018-07-24,88.19670994221332
E,2018-07-25,93.9873860651101
E,2018-07-26,93.7548124093366
E,2018-07-27,93.99405269613692
E,2018-07-30,89.5596616638581
E,2018-07-31,93.24256432687842
E,2018-08-01,89.96008124641872
E,2018-08-02,93.6898856206089
E,2018-08-03,89.78664535111588
E,2018-08-06,91.45107320450734
E,2018-08-07,91.5864049640936
E,2018-08-08,90.34647666574112
E,2018-08-09,89.9345270953396
E,2018-08-10,90.75291219358276
E,2018-08-13,88.35420010068907
E,2018-08-14,88.42426685188215
E,2018-08-15,88.31246207281137
E,2018-08-16,90.97199110706083
E,2018-08-17,92.43446560226046
E,2018-08-20,91.69585691241751
E,2018-08-21,93.04211515598095
E,2018-08-22,91.01876142258854
E,2018-08-23,90.80764344875456
E,2018-08-24,89.34464269385191
E,2018-08-27,88.24163094912318
E,2018-08-28,93.69558016562173
E,2018-08-29,90.90816465322196
E,2018-08-30,91.18880264251742
E,2018-08-31,90.76076431505831
E,2018-09-03,93.3365902192143
E,2018-09-04,90.42208901973994
E,2018-09-05,90.50967958851543
E,2018-09-06,93.15869498645033
E,2018-09-07,91.69046494158167
E,2018-09-10,91.45500016681673
E,2018-09-11,88.56104679749465
E,2018-09-12,90.98168837009453
E,2018-09-13,93.84364284849671
E,2018-09-14,89.89214454644828
E,2018-09-17,89.6881188390504
E,2018-09-18,88.60944669317408
E,2018-09-19,88.28675300990992
E,2018-09-20,88.81162518410893
E,2018-09-21,88.30605142218863
E,2018-09-24,88.80441071731506
E,2018-09-25,93.40976545751684
E,2018-09-26,92.95229274057299
E,2018-09-27,93.83753166489177
E,2018-09-28,90.8939089693239
E,2018-10-01,90.74828368229502
E,2018-10-02,90.35745361995
E,2018-10-03,89.10686896825622
E,2018-10-04,92.62383490358742
E,2018-10-05,93.05228380299212
E,2018-10-08,92.88311423770469
E,2018-10-09,92.4923581345013
E,2018-10-10,89.55814752786755
E,2018-10-11,90.61488828915452
E,2018-10-12,92.84014349171461
E,2018-10-15,89.67724577756978
E,2018-10-16,90.70606876982754
E,2018-10-17,92.44556933802731
E,2018-10-18,89.10486507551525
E,2018-10-19,91.85413718733034
E,2018-10-22,92.77403477172787
E,2018-10-23,89.06670183501983
E,2018-10-24,91.39302138548986
E,2018-10-25,92.99888112570736
E,2018-10-26,91.29547082352846
E,2018-10-29,88.74673197692678
E,2018-10-30,90.65174296122879
E,2018-10-31,88.83180221916489
E,2018-11-01,91.1884023894115
E,2018-11-02,93.10349036638962
E,2018-11-05,91.76680832797825
E,2018-11-06,88.96036892689473
E,2018-11-07,89.66694086568101
E,2018-11-08,88.25136014589457
E,2018-11-09,93.71585721240287
E,2018-11-12,92.73641855114552
E,2018-11-13,93.34265901659442
E,2018-11-14,88.09448414393448
E,2018-11-15,91.50049234553737
E,2018-11-16,88.63930434488667
E,2018-11-19,88.93285147766738
E,2018-11-20,92.24593815700564
E,2018-11-21,93.32517773910072
E,2018-11-22,89.52951659863062
E,2018-11-23,93.62227964816493
E,2018-11-26,89.8998220836492
E,2018-11-27,88.27517780478868
E,2018-11-28,90.45534415526075
E,2018-11-29,93.99137098656705
E,2018-11-30,93.42551922464358
E,2018-12-03,91.6649855139083
E,2018-12-04,89.80534405950841
E,2018-12-05,92.69313995335474
E,2018-12-06,92.53751415755838
E,2018-12-07,91.51576931349945
E,2018-12-10,92.33635939308564
E,2018-12-11,91.00072386257833
E,2018-12-12,92.26948210229399
E,2018-12-13,92.3745249012394
E,2018-12-14,93.443985806289
E,2018-12-17,88.40537887674395
E,2018-12-18,88.24914389652909
E,2018-12-19,91.84264979869107
E,2018-12-20,89.52173423414027
E,2018-12-21,93.37417942886162
E,2018-12-24,92.62114921079136
E,2018-12-25,93.14386695829883
E,2018-12-26,90.63645769183788
E,2018-12-27,88.36195621122647
E,2018-12-28,90.93823648110742
E,2018-12-31,92.33032758943992
F,2018-01-01,50.16138091520584
F,2018-01-02,47.22797581415037
F,2018-01-03,48.242613874011056
F,2018-01-04,49.50373652304462
F,2018-01-05,48.997726192180984
F,2018-01-08,49.359036335049566
F,2018-01-09,51.55225432585946
F,2018-01-10,45.976372615145976
F,2018-01-11,47.76125954019936
F,2018-01-12,48.73209623527514
F,2018-01-15,48.29477280153811
F,2018-01-16,49.64568571445852
F,2018-01-17,45.350261608646335
F,2018-01-18,52.01576913277296
F,2018-01-19,51.15907732925049
F,2018-01-22,50.86249037569077
F,2018-01-23,48.61464686063534
F,2018-01-24,47.70703603252663
F,2018-01-25,46.387467932486906
F,2018-01-26,49.99297521228143
F,2018-01-29,46.986693948402454
F,2018-01-30,46.165279654282564
F,2018-01-31,50.02373838266401
F,2018-02-01,50.99453392362035
F,2018-02-02,48.02532589147316
F,2018-02-05,46.93626754362556
F,2018-02-06,50.437077903433675
F,2018-02-07,47.823287370652906
F,2018-02-08,50.23152486892576
F,2018-02-09,46.27781814609874
F,2018-02-12,51.94811102285553
F,2018-02-13,46.861319160041646
F,2018-02-14,48.05057128256298
F,2018-02-15,47.663079929088155
F,2018-02-16,46.950882840003715
F,2018-02-19,46.37039214758302
F,2018-02-20,49.60686252242895
F,2018-02-21,45.7159341174527
F,2018-02-22,46.55013111089479
F,2018-02-23,46.452443315362984
F,2018-02-26,45.98645662660234
F,2018-02-27,52.19891850755788
F,2018-02-28,49.90905858100148
F,2018-03-01,52.03020266286339
F,2018-03-02,47.993407661299436
F,2018-03-05,48.695304527774994
F,2018-03-06,48.07199446037671
F,2018-03-07,45.2313296710011
F,2018-03-08,48.57139197138089
F,2018-03-09,45.16243078322771
F,2018-03-12,51.472415552704106
F,2018-03-13,46.04170855167231
F,2018-03-14,52.351379979422745
F,2018-03-15,50.33241415781267
F,2018-03-16,52.330778685602034
F,2018-03-19,51.883937585582494
F,2018-03-20,46.27269285679117
F,2018-03-21,48.58247639847888
F,2018-03-22,46.82897176935214
F,2018-03-23,45.921133992955745
F,2018-03-26,50.24388361330864
F,2018-03-27,48.161071090060496
F,2018-03-28,50.86566304534933
F,2018-03-29,45.57825701651799
F,2018-03-30,51.5808587432964
F,2018-04-02,52.219313316048115
F,2018-04-03,50.77154703257122
F,2018-04-04,51.66089348063447
F,2018-04-05,45.21048951495319
F,2018-04-06,51.56444493483898
F,2018-04-09,51.05108390221839
F,2018-04-10,48.39198873444614
F,2018-04-11,50.58419688797466
F,2018-04-12,47.5851059584872
F,2018-04-13,48.76488695291698
F,2018-04-16,47.04930075045124
F,2018-04-17,47.517829039611584
F,2018-04-18,51.33723083356669
F,2018-04-19,48.102070137291406
F,2018-04-20,52.06537182775295
F,2018-04-23,50.61738171498871
F,2018-04-24,50.24242593328962
F,2018-04-25,50.01842294174999
F,2018-04-26,50.374090602282095
F,2018-04-27,52.52287937008751
F,2018-04-30,45.994747972926156
F,2018-05-01,51.43308607864589
F,2018-05-02,45.969949903390685
F,2018-05-03,46.65007224278595
F,2018-05-04,48.990710276518215
F,2018-05-07,52.03240905849714
F,2018-05-08,47.775644966206386
F,2018-05-09,49.11249458297226
F,2018-05-10,46.34692128903808
F,2018-05-11,46.28093022237441
F,2018-05-14,51.02287228740625
F,2018-05-15,48.84747801935336
F,2018-05-16,47.475368331196655
F,2018-05-17,49.7740420697693
F,2018-05-18,52.54547700528933
F,2018-05-21,50.9306895812625
F,2018-05-22,52.19097650086231
F,2018-05-23,49.676534946919006
F,2018-05-24,47.04044959733099
F,2018-05-25,48.38709941033294
F,2018-05-28,50.0453535616181
F,2018-05-29,50.57682061801985
F,2018-05-30,51.231921074758255
F,2018-05-31,46.29463621857861
F,2018-06-01,48.13340870644511
F,2018-06-04,50.89929275611014
F,2018-06-05,45.61179071466981
F,2018-06-06,50.96275917515195
F,2018-06-07,47.19905908851383
F,2018-06-08,52.326774843188154
F,2018-06-11,49.9169898201676
F,2018-06-12,48.68789839178815
F,2018-06-13,46.72715582062253
F,2018-06-14,47.034550178768455
F,2018-06-15,48.67077881929645
F,2018-06-18,51.03182020242552
F,2018-06-19,47.59508215430471
F,2018-06-20,52.54871788184673
F,2018-06-21,45.34437982110676
F,2018-06-22,46.877115205728295
F,2018-06-25,50.842471596423415
F,2018-06-26,46.19765962933716
F,2018-06-27,46.42322923423364
F,2018-06-28,45.22783841265321
F,2018-06-29,49.90652682028033
F,2018-07-02,47.61626230154897
F,2018-07-03,51.465491407496316
F,2018-07-04,50.04473817398096
F,2018-07-05,46.02072826346834
F,2018-07-06,48.416709145986616
F,2018-07-09,45.86341570547089
F,2018-07-10,45.300600142542855
F,2018-07-11,45.947980134035646
F,2018-07-12,48.498797069140764
F,2018-07-13,51.79453777850833
F,2018-07-16,51.527391458299206
F,2018-07-17,52.75126030252031
F,2018-07-18,46.09532632497038
F,2018-07-19,46.198614039396176
F,2018-07-20,50.8702668574554
F,2018-07-23,49.229788350573315
F,2018-07-24,47.606840811791194
F,2018-07-25,47.69504628850743
F,2018-07-26,47.220737371831795
F,2018-07-27,52.917599069326776
F,2018-07-30,49.31690592538914
F,2018-07-31,49.74805706417546
F,2018-08-01,51.17404532635909
F,2018-08-02,52.08937539623852
F,2018-08-03,49.15756108894378
F,2018-08-06,45.44788571355586
F,2018-08-07,51.09828476101945
F,2018-08-08,45.31620794918628
F,2018-08-09,46.615722101828034
F,2018-08-10,48.33217761388721
F,2018-08-13,51.433404836785314
F,2018-08-14,48.39857650210521
F,2018-08-15,51.59114076633175
F,2018-08-16,46.47355592163127
F,2018-08-17,51.90219111528954
F,2018-08-20,52.239118050806745
F,2018-08-21,45.020247727560516
F,2018-08-22,50.60634355199175
F,2018-08-23,52.644471115041966
F,2018-08-24,46.29302533589731
F,2018-08-27,51.309711228014855
F,2018-08-28,49.05700476224344
F,2018-08-29,51.3459130119019
F,2018-08-30,46.78109625849063
F,2018-08-31,50.019829969559474
F,2018-09-03,49.45142484861122
F,2018-09-04,49.03800345594862
F,2018-09-05,47.77079343144686
F,2018-09-06,52.81858847412927
F,2018-09-07,46.41555672378245
F,2018-09-10,51.80282874344364
F,2018-09-11,50.99754223824979
F,2018-09-12,50.65699936068372
F,2018-09-13,51.166299079391834
F,2018-09-14,48.011909082221294
F,2018-09-17,46.72237616041538
F,2018-09-18,50.57559454364039
F,2018-09-19,52.26780093299644
F,2018-09-20,51.68374539425405
F,2018-09-21,49.53219858849015
F,2018-09-24,52.077783174678444
F,2018-09-25,50.93150769371366
F,2018-09-26,47.608557162647166
F,2018-09-27,45.45929141017228
F,2018-09-28,45.41767890717502
F,2018-10-01,48.77626508618452
F,2018-10-02,49.971539812161126
F,2018-10-03,49.8482064107632
F,2018-10-04,52.69502313701604
F,2018-10-05,51.647704666300356
F,2018-10-08,49.362931987411166
F,2018-10-09,48.57176203578956
F,2018-10-10,47.25839603184107
F,2018-10-11,49.48368940913922
F,2018-10-12,47.521708219558434
F,2018-10-15,45.10193894163223
F,2018-10-16,48.1396034628724
F,2018-10-17,50.559032731878695
F,2018-10-18,48.82903749410563
F,2018-10-19,49.52716120682169
F,2018-10-22,52.93657153894563
F,2018-10-23,48.66421209427789
F,2018-10-24,52.67684830314646
F,2018-10-25,52.39564865752873
F,2018-10-26,47.08525120442244
F,2018-10-29,45.57059371876978
F,2018-10-30,47.513272575433675
F,2018-10-31,49.54653072480617
F,2018-11-01,49.44484994155388
F,2018-11-02,48.30628073434328
F,2018-11-05,50.38613967634814
F,2018-11-06,49.768263362539436
F,2018-11-07,47.78583429411816
F,2018-11-08,45.75054662107644
F,2018-11-09,48.73003377325237
F,2018-11-12,52.362126918330475
F,2018-11-13,47.772097049969226
F,2018-11-14,52.96383267105158
F,2018-11-15,49.85837394740446
F,2018-11-16,46.42211415538473
F,2018-11-19,46.107690405660776
F,2018-11-20,47.7862466200216
F,2018-11-21,46.33767841305915
F,2018-11-22,49.51328080050183
F,2018-11-23,48.34113998655399
F,2018-11-26,46.23071028913199
F,2018-11-27,48.55898789928237
F,2018-11-28,48.33171961848127
F,2018-11-29,52.761681775842696
F,2018-11-30,48.75819595157083
F,2018-12-03,50.34877378647968
F,2018-12-04,47.7748617264712
F,2018-12-05,48.31482539929656
F,2018-12-06,46.69668866217401
F,2018-12-07,49.968598244630755
F,2018-12-10,50.34473499198931
F,2018-12-11,50.49630400369991
F,2018-12-12,49.46246652585192
F,2018-12-13,52.77559955837508
F,2018-12-14,47.02666069390196
F,2018-12-17,50.01604596382315
F,2018-12-18,50.36304317109105
F,2018-12-19,48.54009493837656
F,2018-12-20,49.4302470068469
F,2018-12-21,49.191089142425426
F,2018-12-24,49.58636350893472
F,2018-12-25,48.68198688260063
F,2018-12-26,49.562461959128214
F,2018-12-27,46.33646879497864
F,2018-12-28,49.57110083888698
F,2018-12-31,50.93472297623761
G,2018-01-01,61.87065790506434
G,2018-01-02,58.983000718123876
G,2018-01-03,59.82525862068089
G,2018-01-04,62.78673998802982
G,2018-01-05,62.29947018527531
G,2018-01-08,60.68149641688002
G,2018-01-09,60.24415324516484
G,2018-01-10,62.77272030848931
G,2018-01-11,61.59093224441468
G,2018-01-12,59.7476179319638
G,2018-01-15,60.74468168943462
G,2018-01-16,60.62054877569709
G,2018-01-17,60.79202539354918
G,2018-01-18,58.821202735388134
G,2018-01-19,59.61994003903825
G,2018-01-22,59.67801348506091
G,2018-01-23,59.83414925758306
G,2018-01-24,62.03172204608055
G,2018-01-25,60.40820689438171
G,2018-01-26,59.946071140990405
G,2018-01-29,58.83166218565524
G,2018-01-30,60.264738969375394
G,2018-01-31,60.588736921914254
G,2018-02-01,61.142804465439106
G,2018-02-02,59.72894005330199
G,2018-02-05,60.604443123801865
G,2018-02-06,59.03231629527622
G,2018-02-07,62.569792695444264
G,2018-02-08,62.35573635942339
G,2018-02-09,58.734456509531604
G,2018-02-12,59.41946909963565
G,2018-02-13,62.622695754942754
G,2018-02-14,60.45886790513024
G,2018-02-15,58.51704273141271
G,2018-02-16,60.05724721172025
G,2018-02-19,61.2346181401108
G,2018-02-20,59.468184545656435
G,2018-02-21,60.61153050753391
G,2018-02-22,58.845716572923365
G,2018-02-23,60.959711045026864
G,2018-02-26,58.39770581546166
G,2018-02-27,59.25498473568273
G,2018-02-28,61.374038487753225
G,2018-03-01,62.9127870997283
G,2018-03-02,59.53684696444917
G,2018-03-05,58.34975880287801
G,2018-03-06,60.29653542417928
G,2018-03-07,59.31435937504945
G,2018-03-08,62.368155096192815
G,2018-03-09,62.298336937943525
G,2018-03-12,62.012440852149744
G,2018-03-13,59.52539148590739
G,2018-03-14,62.87749199344289
G,2018-03-15,59.62776833905099
G,2018-03-16,62.898556969640296
G,2018-03-19,61.62027254000803
G,2018-03-20,61.23284744103711
G,2018-03-21,58.21753549093674
G,2018-03-22,59.968472787986585
G,2018-03-23,60.72914044937243
G,2018-03-26,58.51339706371196
G,2018-03-27,61.25165758443858
G,2018-03-28,61.42691844151398
G,2018-03-29,58.069865171834095
G,2018-03-30,60.90049769699104
G,2018-04-02,58.43070434604491
G,2018-04-03,61.48928940043665
G,2018-04-04,58.65550641943468
G,2018-04-05,58.84702918477719
G,2018-04-06,60.8027693615648
G,2018-04-09,60.65323363005715
G,2018-04-10,62.37444904769064
G,2018-04-11,58.82325509426915
G,2018-04-12,62.70706417461225
G,2018-04-13,60.233643804076955
G,2018-04-16,60.92992033251569
G,2018-04-17,58.43333610173595
G,2018-04-18,58.21305976868208
G,2018-04-19,58.94030059286217
G,2018-04-20,59.98318652136018
G,2018-04-23,61.71846055545865
G,2018-04-24,61.25321753178447
G,2018-04-25,60.20341879695874
G,2018-04-26,61.24305000923738
G,2018-04-27,60.54437019399505
G,2018-04-30,61.355732160606955
G,2018-05-01,61.97734890246124
G,2018-05-02,60.31688198266036
G,2018-05-03,59.632098875381175
G,2018-05-04,60.473407398225696
G,2018-05-07,60.35737242198882
G,2018-05-08,61.67117487747188
G,2018-05-09,61.395042806547494
G,2018-05-10,59.97311831375713
G,2018-05-11,58.009961563437514
G,2018-05-14,58.863860611160575
G,2018-05-15,62.9649552440196
G,2018-05-16,58.856927386578306
G,2018-05-17,59.21572136812864
G,2018-05-18,59.43767086837883
G,2018-05-21,58.93240983504769
G,2018-05-22,59.81153030611901
G,2018-05-23,61.14882659384808
G,2018-05-24,59.043972142103705
G,2018-05-25,60.085097058274116
G,2018-05-28,62.77353597679036
G,2018-05-29,61.36095671927715
G,2018-05-30,62.314277263691956
G,2018-05-31,61.64267502383341
G,2018-06-01,59.361553613953674
G,2018-06-04,61.25746482314235
G,2018-06-05,58.1620870068789
G,2018-06-06,58.32658429087994
G,2018-06-07,59.7652736137926
G,2018-06-08,58.30670349473039
G,2018-06-11,62.93653765158832
G,2018-06-12,59.75167041092112
G,2018-06-13,59.775360253377656
G,2018-06-14,62.52954903676078
G,2018-06-15,58.10192550654532
G,2018-06-18,61.839180170220466
G,2018-06-19,62.095617172436064
G,2018-06-20,60.520044517308
G,2018-06-21,62.99803474817837
G,2018-06-22,60.237903527936865
G,2018-06-25,58.55729395096008
G,2018-06-26,59.73320447719924
G,2018-06-27,60.87483623317756
G,2018-06-28,58.03332171392983
G,2018-06-29,62.52391704647015
G,2018-07-02,58.99692419472887
G,2018-07-03,61.773059322280815
G,2018-07-04,60.93790553606611
G,2018-07-05,59.310169371486076
G,2018-07-06,59.347559322968486
G,2018-07-09,59.33018248776341
G,2018-07-10,60.70972013245453
G,2018-07-11,58.55157432951584
G,2018-07-12,61.75228550741621
G,2018-07-13,62.95435081509431
G,2018-07-16,58.216017876647804
G,2018-07-17,62.77019013326319
G,2018-07-18,58.77881500575234
G,2018-07-19,62.55653876321337
G,2018-07-20,62.5555263159893
G,2018-07-23,61.15430629774655
G,2018-07-24,61.54271045863409
G,2018-07-25,59.67668904271133
G,2018-07-26,61.198589036280445
G,2018-07-27,60.32216305752442
G,2018-07-30,60.63525133192968
G,2018-07-31,61.97211215802944
G,2018-08-01,61.751844904491534
G,2018-08-02,59.86877289588221
G,2018-08-03,58.01087643075686
G,2018-08-06,60.66968865217204
G,2018-08-07,58.22854550427765
G,2018-08-08,60.76537020355291
G,2018-08-09,61.96508305608948
G,2018-08-10,60.08711768870367
G,2018-08-13,58.59324107315856
G,2018-08-14,60.36598640884593
G,2018-08-15,59.221802779865385
G,2018-08-16,61.46437514420199
G,2018-08-17,59.45448912458256
G,2018-08-20,58.52655265259055
G,2018-08-21,61.04807356731537
G,2018-08-22,58.298793559701735
G,2018-08-23,58.42330699451458
G,2018-08-24,58.26337458164301
G,2018-08-27,62.588563309788654
G,2018-08-28,61.97709933961353
G,2018-08-29,59.94002528688092
G,2018-08-30,59.01923716171205
G,2018-08-31,58.800132187794624
G,2018-09-03,61.56985135235043
G,2018-09-04,59.81350483859343
G,2018-09-05,60.838037802104154
G,2018-09-06,61.525709267474085
G,2018-09-07,62.18874646288551
G,2018-09-10,59.50766713995764
G,2018-09-11,60.63366152656196
G,2018-09-12,59.65489614174242
G,2018-09-13,60.57644560112062
G,2018-09-14,58.22728115798403
G,2018-09-17,58.42751027658387
G,2018-09-18,59.8854988164738
G,2018-09-19,62.344184775387646
G,2018-09-20,58.97573023509515
G,2018-09-21,59.508959267304675
G,2018-09-24,58.162698488357464
G,2018-09-25,59.731144630977724
G,2018-09-26,59.107673109855476
G,2018-09-27,58.567850499430406
G,2018-09-28,58.837542284074964
G,2018-10-01,60.49416502516956
G,2018-10-02,60.13984321807922
G,2018-10-03,60.878077927832926
G,2018-10-04,61.197951852199765
G,2018-10-05,59.18272467652265
G,2018-10-08,58.30296205385398
G,2018-10-09,61.412202607616074
G,2018-10-10,60.989754590759226
G,2018-10-11,58.53581670100246
G,2018-10-12,60.192434430098544
G,2018-10-15,60.43228396220941
G,2018-10-16,60.608454369995
G,2018-10-17,59.081135559820034
G,2018-10-18,61.21983435980389
G,2018-10-19,62.20031970343631
G,2018-10-22,59.755405885370976
G,2018-10-23,58.951449400765526
G,2018-10-24,58.012990100917314
G,2018-10-25,61.45322226045331
G,2018-10-26,58.02658770927654
G,2018-10-29,62.77421547117122
G,2018-10-30,62.05678174658259
G,2018-10-31,59.09532582396199
G,2018-11-01,61.311222705917125
G,2018-11-02,58.95753187529439
G,2018-11-05,59.37718793246522
G,2018-11-06,60.169017995799244
G,2018-11-07,62.723605430076944
G,2018-11-08,62.54394690278744
G,2018-11-09,61.5298958563207
G,2018-11-12,58.20091062330327
G,2018-11-13,59.195006356867054
G,2018-11-14,62.50905290623778
G,2018-11-15,59.843105584846654
G,2018-11-16,61.82946847302111
G,2018-11-19,59.47751997620659
G,2018-11-20,58.22643266564424
G,2018-11-21,62.42923674921543
G,2018-11-22,61.39563928150392
G,2018-11-23,60.060172044406265
G,2018-11-26,61.62462394829123
G,2018-11-27,59.423186608013346
G,2018-11-28,58.161963280757924
G,2018-11-29,62.057223514601624
G,2018-11-30,60.39326490195548
G,2018-12-03,61.94330585535497
G,2018-12-04,60.519780672129755
G,2018-12-05,58.14317152605501
G,2018-12-06,61.75155701424533
G,2018-12-07,59.875101046124925
G,2018-12-10,59.49822814850593
G,2018-12-11,59.63088516422383
G,2018-12-12,61.628796872657894
G,2018-12-13,61.96722627073994
G,2018-12-14,61.434697322267304
G,2018-12-17,60.21681592810292
G,2018-12-18,61.87967319145203
G,2018-12-19,54.64411730534587
G,2018-12-20,58.1778719314682
G,2018-12-21,62.53803715582253
G,2018-12-24,62.988271170353435
G,2018-12-25,61.92488158691455
G,2018-12-26,59.197635646673945
G,2018-12-27,61.012952411294975
G,2018-12-28,58.04515534146547
G,2018-12-31,60.61746639406817
H,2018-01-01,98.84187012562553
H,2018-01-02,93.87069859799156
H,2018-01-03,93.150527604555
H,2018-01-04,93.52095435407492
H,2018-01-05,93.74079109322687
H,2018-01-08,93.75838626003662
H,2018-01-09,92.93539869499033
H,2018-01-10,93.28757958981232
H,2018-01-11,93.13234844957825
H,2018-01-12,93.32149533952355
H,2018-01-15,92.41775961717829
H,2018-01-16,92.94715246791414
H,2018-01-17,92.26083486374073
H,2018-01-18,93.10728724106774
H,2018-01-19,92.8638658206752
H,2018-01-22,92.56278680312943
H,2018-01-23,92.71672883225301
H,2018-01-24,93.42198749795043
H,2018-01-25,92.40039254260806
H,2018-01-26,93.64428060609382
H,2018-01-29,92.33705099893993
H,2018-01-30,92.18872932832382
H,2018-01-31,92.8691915979091
H,2018-02-01,93.85459160724159
H,2018-02-02,92.77828808477115
H,2018-02-05,93.84010695026254
H,2018-02-06,92.48605228415113
H,2018-02-07,93.24009720426164
H,2018-02-08,92.88716096251214
H,2018-02-09,93.93420322470351
H,2018-02-12,92.21631679274081
H,2018-02-13,92.76819226147697
H,2018-02-14,93.06366125107988
H,2018-02-15,93.25650205471192
H,2018-02-16,93.81107816957301
H,2018-02-19,93.26751028266783
H,2018-02-20,93.64002686270078
H,2018-02-21,93.17343000889974
H,2018-02-22,93.71963079009481
H,2018-02-23,93.46602155840581
H,2018-02-26,93.69909449754383
H,2018-02-27,92.00550354682974
H,2018-02-28,92.55566743255402
H,2018-03-01,92.35082204751087
H,2018-03-02,92.42247627598424
H,2018-03-05,93.4593974470785
H,2018-03-06,92.55075495636454
H,2018-03-07,92.4093379397872
H,2018-03-08,92.50461172322186
H,2018-03-09,92.80206220980752
H,2018-03-12,92.86355920531732
H,2018-03-13,92.17541279422788
H,2018-03-14,93.98703010262116
H,2018-03-15,92.41394371897388
H,2018-03-16,92.51661337361217
H,2018-03-19,93.31145923391978
H,2018-03-20,92.31140940688685
H,2018-03-21,93.69075465775762
H,2018-03-22,93.6011284573466
H,2018-03-23,93.89337708616847
H,2018-03-26,93.4852566712968
H,2018-03-27,93.88238612676194
H,2018-03-28,93.92054497514384
H,2018-03-29,92.60840798339076
H,2018-03-30,93.299377974645
H,2018-04-02,93.838328999062
H,2018-04-03,93.3188878222338
H,2018-04-04,92.87146385983782
H,2018-04-05,93.27776279667079
H,2018-04-06,93.23962240559462
H,2018-04-09,93.0069269881698
H,2018-04-10,92.96861396035439
H,2018-04-11,92.64656867153597
H,2018-04-12,92.78291833113687
H,2018-04-13,93.33353721392001
H,2018-04-16,92.24298732586688
H,2018-04-17,93.21245551989472
H,2018-04-18,93.6626093672092
H,2018-04-19,93.35988797332259
H,2018-04-20,92.85668043791165
H,2018-04-23,92.78119520362742
H,2018-04-24,92.04535639423176
H,2018-04-25,92.34076084609516
H,2018-04-26,93.5977830116281
H,2018-04-27,92.40850632660134
H,2018-04-30,92.9311666375092
H,2018-05-01,93.84582761242244
H,2018-05-02,93.60910605515944
H,2018-05-03,92.41809413418257
H,2018-05-04,92.7190495821877
H,2018-05-07,92.39348348494546
H,2018-05-08,93.85549788020822
H,2018-05-09,93.7421785159336
H,2018-05-10,93.16149769128748
H,2018-05-11,93.74748467661514
H,2018-05-14,93.31307110500246
H,2018-05-15,93.66433009420552
H,2018-05-16,92.87224003434775
H,2018-05-17,92.26990968762676
H,2018-05-18,92.81859660803953
H,2018-05-21,93.76493804315861
H,2018-05-22,92.8825916459508
H,2018-05-23,92.76728907079143
H,2018-05-24,92.11477125600571
H,2018-05-25,92.07002274759074
H,2018-05-28,93.69947106167672
H,2018-05-29,93.94849626852718
H,2018-05-30,93.30524773359058
H,2018-05-31,92.52212189464112
H,2018-06-01,93.27918916603656
H,2018-06-04,92.64134784422482
H,2018-06-05,92.27419834734201
H,2018-06-06,93.63189380898973
H,2018-06-07,92.6199009527212
H,2018-06-08,92.30606690986268
H,2018-06-11,92.53373085501845
H,2018-06-12,93.0444718550928
H,2018-06-13,92.97713986711213
H,2018-06-14,92.32000419432003
H,2018-06-15,93.91749574489667
H,2018-06-18,92.90089238779542
H,2018-06-19,93.15787650958502
H,2018-06-20,93.49944829732605
H,2018-06-21,93.80279660539045
H,2018-06-22,92.98806434104338
H,2018-06-25,93.86336811704714
H,2018-06-26,92.62293887262621
H,2018-06-27,92.04472084777703
H,2018-06-28,93.99374562842425
H,2018-06-29,92.36958097873637
H,2018-07-02,92.63052155915835
H,2018-07-03,92.46493440569637
H,2018-07-04,93.02615545664675
H,2018-07-05,93.20426436706731
H,2018-07-06,92.23263888011724
H,2018-07-09,93.54834780217261
H,2018-07-10,93.31205505757288
H,2018-07-11,93.33424281236532
H,2018-07-12,93.2836950935604
H,2018-07-13,93.70390132926825
H,2018-07-16,93.47555510227572
H,2018-07-17,92.04417637678874
H,2018-07-18,93.07169275513662
H,2018-07-19,92.60348430409074
H,2018-07-20,92.96280015507055
H,2018-07-23,92.3149569487048
H,2018-07-24,92.9513564430269
H,2018-07-25,93.94686453290284
H,2018-07-26,92.84691933034921
H,2018-07-27,92.99129564921515
H,2018-07-30,93.8209937563879
H,2018-07-31,92.8133572382559
H,2018-08-01,93.17602552562296
H,2018-08-02,92.45762200382578
H,2018-08-03,93.97262995776313
H,2018-08-06,93.26482202732483
H,2018-08-07,92.07519709016191
H,2018-08-08,93.81633674879672
H,2018-08-09,92.42475372433435
H,2018-08-10,92.40127198823915
H,2018-08-13,93.0871469682946
H,2018-08-14,92.01718782174771
H,2018-08-15,93.97813217625271
H,2018-08-16,92.49658090058179
H,2018-08-17,92.06535632701045
H,2018-08-20,92.6239446483532
H,2018-08-21,93.01328437697764
H,2018-08-22,92.03027960914963
H,2018-08-23,93.08157259985121
H,2018-08-24,92.93642558492725
H,2018-08-27,92.52676542890173
H,2018-08-28,92.6833480822854
H,2018-08-29,92.4698670644674
H,2018-08-30,92.28042509423719
H,2018-08-31,93.16857915153176
H,2018-09-03,93.75098875893067
H,2018-09-04,93.54138666809698
H,2018-09-05,93.31552277560694
H,2018-09-06,93.66846731641228
H,2018-09-07,92.8575003795608
H,2018-09-10,93.87276150465777
H,2018-09-11,93.05561679281494
H,2018-09-12,93.58058420060472
H,2018-09-13,93.18847397466193
H,2018-09-14,92.40449141074711
H,2018-09-17,92.11344284447779
H,2018-09-18,93.61912929710665
H,2018-09-19,93.91239504018469
H,2018-09-20,93.17735613219776
H,2018-09-21,92.01236680103904
H,2018-09-24,92.053752274866
H,2018-09-25,93.82746159488609
H,2018-09-26,93.09505550712831
H,2018-09-27,93.4236761398874
H,2018-09-28,93.66555578799988
H,2018-10-01,92.64873186755013
H,2018-10-02,92.07003166120657
H,2018-10-03,93.2272819953967
H,2018-10-04,93.3664393546075
H,2018-10-05,92.89502430310489
H,2018-10-08,92.09153034948335
H,2018-10-09,93.17175808769628
H,2018-10-10,92.25788818335727
H,2018-10-11,92.64375491305921
H,2018-10-12,93.71645098373585
H,2018-10-15,93.49278613025822
H,2018-10-16,92.67584257536303
H,2018-10-17,93.6634035161271
H,2018-10-18,92.70793935529072
H,2018-10-19,93.52626703142788
H,2018-10-22,93.58773042225482
H,2018-10-23,92.42351761240771
H,2018-10-24,93.28926836744236
H,2018-10-25,92.49526920994363
H,2018-10-26,92.61966502048486
H,2018-10-29,93.06369420223871
H,2018-10-30,93.80435215536072
H,2018-10-31,93.71144288777383
H,2018-11-01,92.16479243217319
H,2018-11-02,92.07366844271517
H,2018-11-05,93.43721949788493
H,2018-11-06,93.41987116728292
H,2018-11-07,93.4601865862791
H,2018-11-08,92.16719138348958
H,2018-11-09,93.2245337578011
H,2018-11-12,93.31758661981944
H,2018-11-13,92.94495218617216
H,2018-11-14,92.43486416391899
H,2018-11-15,93.44808137843845
H,2018-11-16,92.38886933036052
H,2018-11-19,92.31825475408792
H,2018-11-20,92.68285515141133
H,2018-11-21,93.40854436736055
H,2018-11-22,93.35653059057599
H,2018-11-23,92.66702471861548
H,2018-11-26,92.57141740681155
H,2018-11-27,92.34092508787013
H,2018-11-28,93.03938200252092
H,2018-11-29,92.81006717464152
H,2018-11-30,92.66902694347388
H,2018-12-03,93.68116270898796
H,2018-12-04,93.09114597883699
H,2018-12-05,92.79940411495578
H,2018-12-06,93.03720909360628
H,2018-12-07,93.34139684050277
H,2018-12-10,92.32226382710952
H,2018-12-11,93.33733759520035
H,2018-12-12,93.66694145940588
H,2018-12-13,92.0871938311086
H,2018-12-14,93.37961274325684
H,2018-12-17,92.64773044068582
H,2018-12-18,93.11160789146837
H,2018-12-19,92.74617345291418
H,2018-12-20,92.62505617193062
H,2018-12-21,92.82914028962507
H,2018-12-24,93.64108639603754
H,2018-12-25,93.43531729119447
H,2018-12-26,92.75768458490924
H,2018-12-27,92.64910235709024
H,2018-12-28,92.11161860957718
H,2018-12-31,92.57643319873478
I,2018-01-01,57.72465085374338
I,2018-01-02,58.47040953530382
I,2018-01-03,56.60802579033327
I,2018-01-04,57.646371995360525
I,2018-01-05,59.31813638243206
I,2018-01-08,59.54582326092253
I,2018-01-09,57.93333787824293
I,2018-01-10,56.91248950481217
I,2018-01-11,57.43924388060231
I,2018-01-12,57.24306105171623
I,2018-01-15,58.857946266917345
I,2018-01-16,57.28167596230906
I,2018-01-17,56.62445755283002
I,2018-01-18,56.139240503777394
I,2018-01-19,59.66730039627942
I,2018-01-22,56.79513371806375
I,2018-01-23,57.813845588279754
I,2018-01-24,56.3266088052194
I,2018-01-25,57.63551931785588
I,2018-01-26,56.38993761148079
I,2018-01-29,56.0067532307703
I,2018-01-30,57.89101668003983
I,2018-01-31,56.46422535702108
I,2018-02-01,59.34439866059106
I,2018-02-02,58.65430808458584
I,2018-02-05,58.30517256440941
I,2018-02-06,57.99906820025741
I,2018-02-07,56.427622510365815
I,2018-02-08,56.907391988607905
I,2018-02-09,57.05614654544768
I,2018-02-12,57.34566085416343
I,2018-02-13,59.53402377255078
I,2018-02-14,58.221552548554705
I,2018-02-15,57.229184287294174
I,2018-02-16,59.105768033961745
I,2018-02-19,56.32874657464343
I,2018-02-20,59.136077322183226
I,2018-02-21,57.30846393192072
I,2018-02-22,59.15742279282973
I,2018-02-23,58.55697165582547
I,2018-02-26,57.34582425948811
I,2018-02-27,59.209799818259185
I,2018-02-28,57.16418210331458
I,2018-03-01,56.840245209336636
I,2018-03-02,59.27316997533877
I,2018-03-05,59.27567120676309
I,2018-03-06,57.72323349355673
I,2018-03-07,57.48678177858798
I,2018-03-08,58.51399434486356
I,2018-03-09,57.01467821422043
I,2018-03-12,56.256583058544955
I,2018-03-13,56.26562576436343
I,2018-03-14,59.734533676005086
I,2018-03-15,56.51753448645964
I,2018-03-16,58.37222084565332
I,2018-03-19,59.383469906418725
I,2018-03-20,56.77119608719241
I,2018-03-21,58.202326880979804
I,2018-03-22,57.91322085671219
I,2018-03-23,57.71696550867397
I,2018-03-26,57.514455049363214
I,2018-03-27,56.47301046306573
I,2018-03-28,56.086208929474644
I,2018-03-29,59.415628092330735
I,2018-03-30,58.44398857573063
I,2018-04-02,56.870468638775684
I,2018-04-03,59.297872412768776
I,2018-04-04,56.990853562780586
I,2018-04-05,57.42569319350085
I,2018-04-06,56.5567140284984
I,2018-04-09,57.723829234882295
I,2018-04-10,59.50128786113709
I,2018-04-11,56.610398059001
I,2018-04-12,57.28946931879869
I,2018-04-13,56.927648211122424
I,2018-04-16,56.726755863278996
I,2018-04-17,58.96163279065473
I,2018-04-18,57.90473254376556
I,2018-04-19,57.30210734218854
I,2018-04-20,58.32836701389464
I,2018-04-23,59.26859333654873
I,2018-04-24,57.40749395058457
I,2018-04-25,57.840275860410095
I,2018-04-26,59.83083785177963
I,2018-04-27,56.96005827822818
I,2018-04-30,56.75755596802293
I,2018-05-01,57.64748312534995
I,2018-05-02,59.31692302448721
I,2018-05-03,58.97569437185842
I,2018-05-04,56.64348134546676
I,2018-05-07,58.64665809559101
I,2018-05-08,59.55486921065718
I,2018-05-09,56.11870196269393
I,2018-05-10,56.39198874415781
I,2018-05-11,57.654337394841676
I,2018-05-14,56.84537118649487
I,2018-05-15,59.38059060503999
I,2018-05-16,58.2342892198374
I,2018-05-17,58.84953913952116
I,2018-05-18,56.893936369746385
I,2018-05-21,56.96049268895621
I,2018-05-22,56.00096732004715
I,2018-05-23,56.96525266613747
I,2018-05-24,58.64387309871229
I,2018-05-25,57.81618541240769
I,2018-05-28,59.55570140224244
I,2018-05-29,58.80176037271517
I,2018-05-30,56.67267380900682
I,2018-05-31,56.98486794514861
I,2018-06-01,56.360900684534165
I,2018-06-04,59.51160929157777
I,2018-06-05,59.591647572624424
I,2018-06-06,59.85973768843883
I,2018-06-07,57.65177951078464
I,2018-06-08,59.37928954302348
I,2018-06-11,58.53313318755007
I,2018-06-12,56.367875024230365
I,2018-06-13,59.16969788209635
I,2018-06-14,59.75923084793276
I,2018-06-15,56.22119593224734
I,2018-06-18,56.78542035425024
I,2018-06-19,56.666574560061235
I,2018-06-20,58.482422930622384
I,2018-06-21,58.270689052069656
I,2018-06-22,58.103580254400086
I,2018-06-25,56.94244468786104
I,2018-06-26,57.463865024772204
I,2018-06-27,56.496734373424594
I,2018-06-28,56.256988330680954
I,2018-06-29,59.220397158248446
I,2018-07-02,59.99361889054493
I,2018-07-03,57.77482855043472
I,2018-07-04,59.24855418561716
I,2018-07-05,58.29236187934919
I,2018-07-06,57.49073009839575
I,2018-07-09,57.81207243398215
I,2018-07-10,56.99856072877289
I,2018-07-11,59.59079482586438
I,2018-07-12,56.01962841559219
I,2018-07-13,58.64340973683531
I,2018-07-16,57.52893797446466
I,2018-07-17,56.375281272427856
I,2018-07-18,57.491856644770486
I,2018-07-19,57.82890891653189
I,2018-07-20,57.37052202339333
I,2018-07-23,59.65763098443677
I,2018-07-24,57.434145775242904
I,2018-07-25,56.50865446344943
I,2018-07-26,57.83744431207045
I,2018-07-27,59.44164115968651
I,2018-07-30,59.7171305891824
I,2018-07-31,56.5869138120261
I,2018-08-01,56.73221504808667
I,2018-08-02,57.69776687038977
I,2018-08-03,59.248364553438314
I,2018-08-06,58.78010703058581
I,2018-08-07,59.62648095006105
I,2018-08-08,59.39283790955166
I,2018-08-09,59.35748108750452
I,2018-08-10,58.51505326095899
I,2018-08-13,58.21543138063683
I,2018-08-14,59.07351052814538
I,2018-08-15,57.24765629367056
I,2018-08-16,59.194462024225636
I,2018-08-17,56.20089437603985
I,2018-08-20,56.42720219547012
I,2018-08-21,59.01352262192618
I,2018-08-22,59.21270627160059
I,2018-08-23,58.72089904362162
I,2018-08-24,57.64302582260663
I,2018-08-27,59.83029988542767
I,2018-08-28,57.08347831347599
I,2018-08-29,56.395422546451506
I,2018-08-30,57.71264356600804
I,2018-08-31,59.179308471919654
I,2018-09-03,59.912128242824714
I,2018-09-04,59.24452302862636
I,2018-09-05,59.09129769889109
I,2018-09-06,56.18587912491745
I,2018-09-07,58.363466535815014
I,2018-09-10,57.074449145602834
I,2018-09-11,58.773656086766934
I,2018-09-12,57.49820569420204
I,2018-09-13,56.19300101991108
I,2018-09-14,56.52938721817042
I,2018-09-17,59.92672534995521
I,2018-09-18,58.01254393217223
I,2018-09-19,58.496924759920745
I,2018-09-20,56.06479707675057
I,2018-09-21,56.694528873151555
I,2018-09-24,58.135620073645065
I,2018-09-25,58.83102375251805
I,2018-09-26,59.833249797081365
I,2018-09-27,59.15102830811687
I,2018-09-28,59.870648490813075
I,2018-10-01,56.65618907957769
I,2018-10-02,57.668741896402466
I,2018-10-03,56.34624642028687
I,2018-10-04,58.41659263791986
I,2018-10-05,58.77770578583507
I,2018-10-08,56.920561300406646
I,2018-10-09,56.10347519416634
I,2018-10-10,58.5912150589847
I,2018-10-11,59.98627354150917
I,2018-10-12,57.8344760324407
I,2018-10-15,56.12375366921333
I,2018-10-16,59.416811493927476
I,2018-10-17,57.63578486673924
I,2018-10-18,58.43061880184001
I,2018-10-19,57.89951666094284
I,2018-10-22,58.90285257847984
I,2018-10-23,59.0095370639888
I,2018-10-24,56.5352691572567
I,2018-10-25,59.07831480179046
I,2018-10-26,57.289328131807714
I,2018-10-29,58.244383742785274
I,2018-10-30,56.76726282920775
I,2018-10-31,57.95696381922432
I,2018-11-01,59.11630185181351
I,2018-11-02,58.67344826181064
I,2018-11-05,58.41237148369044
I,2018-11-06,57.21703463561306
I,2018-11-07,56.018787678651655
I,2018-11-08,58.7828995615137
I,2018-11-09,56.37457725211179
I,2018-11-12,57.541405186803466
I,2018-11-13,59.36299195851102
I,2018-11-14,56.60073311372396
I,2018-11-15,58.82775285249179
I,2018-11-16,58.076375330494585
I,2018-11-19,56.073263010031425
I,2018-11-20,59.61918194192651
I,2018-11-21,59.89488909369143
I,2018-11-22,57.93381087422097
I,2018-11-23,56.777159750762365
I,2018-11-26,58.73244409881215
I,2018-11-27,56.18429581194896
I,2018-11-28,59.48085356382567
I,2018-11-29,58.81991306831835
I,2018-11-30,56.03144183694329
I,2018-12-03,59.575013317501195
I,2018-12-04,56.337870620708784
I,2018-12-05,59.347716546729664
I,2018-12-06,58.1045300125023
I,2018-12-07,59.3473673947285
I,2018-12-10,57.79099392315383
I,2018-12-11,57.017750343204575
I,2018-12-12,59.67911163826285
I,2018-12-13,57.79208979662978
I,2018-12-14,59.32871678162449
I,2018-12-17,56.04943812469094
I,2018-12-18,58.25970848201279
I,2018-12-19,59.5273938076529
I,2018-12-20,56.54665512666919
I,2018-12-21,57.107834917014564
I,2018-12-24,56.35276875070176
I,2018-12-25,57.3198362530525
I,2018-12-26,59.300349804703345
I,2018-12-27,56.524962671688336
I,2018-12-28,58.77574237067093
I,2018-12-31,57.284163718286244
J,2018-01-01,100.42506569181904
J,2018-01-02,100.8305989475051
J,2018-01-03,101.96437496176226
J,2018-01-04,100.06575706186909
J,2018-01-05,104.661657701866
J,2018-01-08,101.11416088391407
J,2018-01-09,104.94721858448239
J,2018-01-10,100.4343021482739
J,2018-01-11,104.44026256805499
J,2018-01-12,104.56300855876836
J,2018-01-15,104.63698859111841
J,2018-01-16,102.32041117155475
J,2018-01-17,102.35926266931583
J,2018-01-18,102.17342308441594
J,2018-01-19,98.38130041784395
J,2018-01-22,98.06295671409644
J,2018-01-23,100.70147258891954
J,2018-01-24,104.65951015800913
J,2018-01-25,102.30116252904719
J,2018-01-26,99.38845432065573
J,2018-01-29,105.42803152028642
J,2018-01-30,100.96871565937886
J,2018-01-31,104.43135821470325
J,2018-02-01,100.87592359658832
J,2018-02-02,105.31534737925139
J,2018-02-05,98.92433085177541
J,2018-02-06,98.915701701177
J,2018-02-07,98.52899802827015
J,2018-02-08,104.2932071516417
J,2018-02-09,103.4108857681125
J,2018-02-12,105.31506078360374
J,2018-02-13,98.21108964355658
J,2018-02-14,103.00755470111247
J,2018-02-15,98.7744851743162
J,2018-02-16,101.13969496311206
J,2018-02-19,102.94561651007649
J,2018-02-20,102.1749794490346
J,2018-02-21,98.0812205463853
J,2018-02-22,99.83620892220198
J,2018-02-23,105.99674973524499
J,2018-02-26,101.79164544844886
J,2018-02-27,104.44518790158257
J,2018-02-28,99.20908292424166
J,2018-03-01,104.23532105407217
J,2018-03-02,99.1860236672803
J,2018-03-05,102.26968615823131
J,2018-03-06,98.73243513357505
J,2018-03-07,103.81893153087803
J,2018-03-08,98.34355057058308
J,2018-03-09,102.34695863188577
J,2018-03-12,101.36972048062395
J,2018-03-13,103.9897746102869
J,2018-03-14,105.14242753619115
J,2018-03-15,102.97208987653418
J,2018-03-16,103.70652224395529
J,2018-03-19,102.26232843742164
J,2018-03-20,102.48122533977609
J,2018-03-21,104.28592971621445
J,2018-03-22,103.00767898039737
J,2018-03-23,105.58032999289343
J,2018-03-26,102.14901030369646
J,2018-03-27,102.4548458260078
J,2018-03-28,100.6764259485426
J,2018-03-29,103.36590744916509
J,2018-03-30,98.78863006602897
J,2018-04-02,104.81966315364845
J,2018-04-03,104.78074518137826
J,2018-04-04,101.26786994252348
J,2018-04-05,101.13044849704237
J,2018-04-06,104.2817702412485
J,2018-04-09,100.19701482969045
J,2018-04-10,104.60091664463354
J,2018-04-11,104.88874477808173
J,2018-04-12,100.94809390872815
J,2018-04-13,104.8447587995286
J,2018-04-16,98.72078817581593
J,2018-04-17,100.8407395104903
J,2018-04-18,103.54794788983168
J,2018-04-19,100.7082341646545
J,2018-04-20,100.96988449345152
J,2018-04-23,101.18843381130655
J,2018-04-24,100.26925584030228
J,2018-04-25,100.81512129247274
J,2018-04-26,98.15677457280518
J,2018-04-27,101.72177272236534
J,2018-04-30,99.70267424949354
J,2018-05-01,103.19347861711792
J,2018-05-02,102.36483723715678
J,2018-05-03,100.89826723313644
J,2018-05-04,103.64081351432729
J,2018-05-07,100.88589544060099
J,2018-05-08,99.65501279750987
J,2018-05-09,99.49038614757836
J,2018-05-10,100.72990229919003
J,2018-05-11,99.5010745710203
J,2018-05-14,104.30294024791266
J,2018-05-15,101.016375786452
J,2018-05-16,100.96494184738782
J,2018-05-17,100.14661339368749
J,2018-05-18,102.65666246628795
J,2018-05-21,102.01745574150782
J,2018-05-22,103.99135669229511
J,2018-05-23,103.68448666869884
J,2018-05-24,104.52561308806172
J,2018-05-25,102.19147690433657
J,2018-05-28,100.19609597337596
J,2018-05-29,100.0549920132893
J,2018-05-30,98.27983043068025
J,2018-05-31,101.70519792565669
J,2018-06-01,105.43661798922624
J,2018-06-04,104.93167609847457
J,2018-06-05,101.55534531392554
J,2018-06-06,99.78027244275509
J,2018-06-07,102.71419411341469
J,2018-06-08,103.80810881295487
J,2018-06-11,102.73001289461943
J,2018-06-12,98.5393326916353
J,2018-06-13,100.96917748123633
J,2018-06-14,100.57503368773651
J,2018-06-15,103.34925602242954
J,2018-06-18,103.29625470775103
J,2018-06-19,99.95313506421242
J,2018-06-20,102.24823527360985
J,2018-06-21,105.70380905454884
J,2018-06-22,101.79482790625809
J,2018-06-25,102.56929586352261
J,2018-06-26,103.87840249532405
J,2018-06-27,105.05240343640205
J,2018-06-28,99.07354212006791
J,2018-06-29,100.14765632583679
J,2018-07-02,98.42293385324214
J,2018-07-03,98.75212619459754
J,2018-07-04,101.07982739052137
J,2018-07-05,103.26448612247617
J,2018-07-06,99.34784123698759
J,2018-07-09,99.99452522308209
J,2018-07-10,98.8700552841481
J,2018-07-11,100.91632141545537
J,2018-07-12,101.73832627125067
J,2018-07-13,101.40349677749678
J,2018-07-16,92.8592281099066
J,2018-07-17,95.82615265947152
J,2018-07-18,104.22225730094746
J,2018-07-19,100.04147409470676
J,2018-07-20,101.57731534713156
J,2018-07-23,99.06035540572987
J,2018-07-24,101.42312415291009
J,2018-07-25,101.6826799872
J,2018-07-26,99.87500808768041
J,2018-07-27,98.20729915115541
J,2018-07-30,102.40687706111369
J,2018-07-31,99.5760223540666
J,2018-08-01,105.86291928385928
J,2018-08-02,103.64377197347818
J,2018-08-03,101.19760884777484
J,2018-08-06,103.99468369574036
J,2018-08-07,105.36822347174858
J,2018-08-08,100.59055162649801
J,2018-08-09,102.11875216876079
J,2018-08-10,98.67437007945522
J,2018-08-13,101.66669388715853
J,2018-08-14,102.04792676060482
J,2018-08-15,98.0364943057492
J,2018-08-16,98.49004426202302
J,2018-08-17,105.26839276441537
J,2018-08-20,100.20390232822824
J,2018-08-21,98.31777138667559
J,2018-08-22,99.83235083826615
J,2018-08-23,100.77284050525519
J,2018-08-24,99.86800772859684
J,2018-08-27,103.33097227260286
J,2018-08-28,103.44892884075901
J,2018-08-29,105.94025394197948
J,2018-08-30,99.41354027679023
J,2018-08-31,103.93680393973511
J,2018-09-03,103.10511931286302
J,2018-09-04,100.13816542629577
J,2018-09-05,105.32272324402715
J,2018-09-06,100.61341080721215
J,2018-09-07,99.43887728257025
J,2018-09-10,101.72772463397004
J,2018-09-11,103.14670578970653
J,2018-09-12,102.54360086976354
J,2018-09-13,99.1813307685121
J,2018-09-14,100.26969216097962
J,2018-09-17,98.89873843901721
J,2018-09-18,100.28552342472112
J,2018-09-19,100.12394628084675
J,2018-09-20,98.99409974510313
J,2018-09-21,98.85537359733364
J,2018-09-24,98.86129128391862
J,2018-09-25,102.89172086755045
J,2018-09-26,99.00820436392128
J,2018-09-27,101.02013590139741
J,2018-09-28,103.2975996285443
J,2018-10-01,101.6504827949213
J,2018-10-02,99.7431784267078
J,2018-10-03,105.4370874107419
J,2018-10-04,102.24498098399539
J,2018-10-05,101.00661500373951
J,2018-10-08,100.74657567502797
J,2018-10-09,100.14385180989208
J,2018-10-10,99.7529026945063
J,2018-10-11,102.24314128792868
J,2018-10-12,104.45892653488399
J,2018-10-15,104.45191336511269
J,2018-10-16,99.17944002323223
J,2018-10-17,99.51787043048577
J,2018-10-18,99.66659114645874
J,2018-10-19,99.85549332120003
J,2018-10-22,98.46882976825357
J,2018-10-23,102.5915335135781
J,2018-10-24,98.28673539081902
J,2018-10-25,105.27292323947998
J,2018-10-26,104.86370506766204
J,2018-10-29,105.22968198285174
J,2018-10-30,105.07013548148042
J,2018-10-31,100.90678884062717
J,2018-11-01,103.58085189220793
J,2018-11-02,99.19118604798638
J,2018-11-05,104.87985723323328
J,2018-11-06,98.3397136900392
J,2018-11-07,99.20520737283256
J,2018-11-08,102.98436275469956
J,2018-11-09,101.13616133647335
J,2018-11-12,102.36900562394237
J,2018-11-13,99.48752535560668
J,2018-11-14,99.9208510326957
J,2018-11-15,105.83335506589933
J,2018-11-16,102.03807883551019
J,2018-11-19,98.37004768470932
J,2018-11-20,99.38323460459868
J,2018-11-21,102.01208040036164
J,2018-11-22,101.54994879803324
J,2018-11-23,105.57647928637103
J,2018-11-26,98.91621195008845
J,2018-11-27,99.36095729698175
J,2018-11-28,103.25806464011606
J,2018-11-29,98.0271306196709
J,2018-11-30,104.8571917156536
J,2018-12-03,104.9785579722269
J,2018-12-04,101.79733644800322
J,2018-12-05,102.58171253547762
J,2018-12-06,103.41830091726605
J,2018-12-07,103.61669292074974
J,2018-12-10,98.3209554404841
J,2018-12-11,105.86143336507253
J,2018-12-12,101.45049733065119
J,2018-12-13,102.74451439780877
J,2018-12-14,104.16977864462066
J,2018-12-17,100.21378928484512
J,2018-12-18,103.24873255499473
J,2018-12-19,105.2902864441455
J,2018-12-20,98.30229416384485
J,2018-12-21,100.92667258450729
J,2018-12-24,102.11991209708806
J,2018-12-25,100.52065305194179
J,2018-12-26,102.9828455470312
J,2018-12-27,104.27110254918217
J,2018-12-28,98.012665357177
J,2018-12-31,101.93723870357996
